state_ut,exp_hh,exp_onl_hh,exp_onl_%_hh,internet_has,op_fuel,op_cons,op_educ,op_meds,op_other,educ_mem,educ_free_book,educ_free_book#,educ_free_pap,educ_free_pap#,educ_free_bag,educ_free_bag#,educ_free_other,educ_free_other#,educ_free_tuit,educ_free_tuit#,educ_att_mean,educ_att_med,educ_att_std,has_tv,has_radio,has_laptop,has_mobile_dev,has_bicycle,has_scooter,has_motorcar,has_truck,has_animalcar,has_fridge,has_washmach,has_aircon,land_owns,land_agr_owns,pay_cd,pay_cd_used,pay_ewal,pay_ewal_used,acct_comm,acct_post,acct_nbfc,acct_nia,reg_loan_val_sd,reg_loan_val_acq,reg_loan_val_disp,reg_loan_val_aa,reg_loan_year_borr,reg_loan_amt_borr,reg_loan_ten,reg_loan_aroi,reg_loan_amt_out,kind_loan_per,kind_loan_amt_out,kind_loan_src_pro,kind_loan_src_supp,kind_loan_src_other,kind_loan_src_f&f,dig_soc_fb,dig_soc_ig,dig_soc_wa,su_ai,su_arvr,su_adv,su_space,su_agri,su_air,su_meas,su_anim,su_arch,su_art,su_auto,su_biotech,su_chem,su_cv,su_cons,su_dating,su_design,su_educ,su_saas,su_events,su_fashion,su_fintech,su_f&b,su_greentech,su_healthcare,su_hhs,su_hr,su_it,su_inlang,su_iot,su_log,su_mark,su_media,su_nanotech,su_nre,su_or,su_others,su_pass,su_pets,su_pcs,su_realestate,su_energy,su_retail,su_robot,su_safety,su_sec,su_socimp,su_socnet,su_sports,su_hard,su_telecom,su_text,su_toys,su_storage,su_travel,su_wm
Andaman and Nicobar Islands,18185.130581297388,738.1149957877001,0.03279854993285243,0.76,0.046,0.001,0.026,0.003,0.318,0.485,0.184,10.521739130434783,0.003,1.3333333333333333,0.0,,0.0,,0.09484536082474226,1.391304347826087,5.669448183041723,5.0,3.2463924042916914,0.871,0.024,0.096,0.973,0.104,0.474,0.125,0.0,0.001,0.778,0.523,0.029,0.12557286892758937,0.3795620437956204,0.6823104693140795,0.9435626102292769,0.02286401925391095,0.8421052631578947,0.8982584784601283,0.021998166819431713,0.0,0.0,256750.0,28350.0,0.0,242575.0,2016.4493670886077,431033.67003367003,2.632911392405063,10.128354430379746,300286.1554054054,2.3333333333333335,86733.33333333333,0.0,0.08333333333333333,0.3333333333333333,0.08333333333333333,,,,0.0,3.0,0.0,0.0,7.0,0.0,0.0,0.0,0.0,0.0,2.0,0.0,0.0,0.0,8.0,0.0,0.0,1.0,0.0,0.0,0.0,0.0,3.0,1.0,1.0,0.0,1.0,7.0,0.0,1.0,1.0,4.0,0.0,0.0,5.0,3.0,0.0,0.0,0.0,3.0,0.0,0.0,1.0,0.0,0.0,0.0,0.0,0.0,0.0,0.0,0.0,1.0,0.0,3.0,15.0,0.0
Andhra Pradesh,10379.341859619348,354.1720612599507,0.02923787438416988,0.6678984732082077,0.08032675289312458,0.009044053291840902,0.001750461927453078,0.0028201886608966256,0.34250705047165225,0.4222503160556258,0.17582417582417584,9.749446902654867,0.047456967810950115,5.157786885245901,0.17154526889040164,1.5697278911564625,0.1300204220558203,2.7262528047868364,0.28466144633809304,1.122168284789644,4.45885786727203,4.0,3.462681422257497,0.8249538072546923,0.0016532140425945736,0.034231255470193525,0.9326072157930565,0.1664883788777594,0.5785276670232422,0.025478945832928132,0.0007779830788680346,0.0050568900126422255,0.5097734124282797,0.179714091218516,0.17028104638724106,0.2522282825595317,0.4092827004219409,0.44383416017009214,0.7728542914171657,0.08637491141034727,0.9641025641025641,0.716110150325928,0.05268059066116802,0.001995476918983637,0.004988692297459092,576308.8950749465,423114.74860335194,10439.416058394161,341288.40692640695,2017.5328783304897,156249.690816881,2.091064164807768,18.957285133184623,149889.7616570855,2.1136363636363638,16283.95321637427,0.005847953216374269,0.347953216374269,0.13450292397660818,0.02631578947368421,284.1818181818182,1267.909090909091,1865.6363636363637,57.0,9.0,14.0,34.0,212.0,0.0,16.0,4.0,9.0,5.0,76.0,27.0,18.0,3.0,167.0,1.0,14.0,175.0,32.0,8.0,17.0,53.0,136.0,51.0,194.0,14.0,41.0,392.0,6.0,40.0,17.0,45.0,23.0,4.0,54.0,21.0,42.0,0.0,2.0,113.0,13.0,62.0,42.0,23.0,3.0,13.0,11.0,10.0,7.0,90.0,19.0,22.0,8.0,39.0,28.0,17.0
Arunachal Pradesh,12365.621288921071,617.8088341781317,0.04064904030908529,0.5105695100721214,0.07361352897289232,0.024620741109176822,0.015170355632927133,0.004725192738124845,0.3228052723203183,0.604575976125342,0.2810246207411092,9.260176991150443,0.0014921661278288984,2.8333333333333335,0.002735637901019647,1.6363636363636365,0.030092016911216116,2.809917355371901,0.07774578362813657,1.6455026455026456,5.1196284053345495,5.0,3.347524744311257,0.7304153195722457,0.027605073364834618,0.12782889828400895,0.9445411589156926,0.1305645361850286,0.4543645859238995,0.20641631434966426,0.0007460830639144492,0.0002486943546381497,0.30987316587913455,0.11738373538920667,0.017905993533946778,0.25142296368989203,0.7392661982825918,0.5105996365838885,0.9466192170818505,0.03331314354936402,0.9818181818181818,0.6274779195289499,0.04946025515210991,0.001962708537782139,0.011187438665358195,96000.0,6625.0,0.0,93350.0,2017.495682210708,121387.33273862622,1.994818652849741,6.033937823834197,62719.705765407554,3.1219512195121952,27446.341463414636,0.0,0.04878048780487805,0.0975609756097561,0.35365853658536583,,,,0.0,0.0,0.0,0.0,13.0,0.0,0.0,0.0,0.0,0.0,1.0,1.0,1.0,0.0,7.0,0.0,0.0,3.0,0.0,1.0,1.0,1.0,3.0,0.0,1.0,0.0,1.0,2.0,0.0,0.0,0.0,1.0,0.0,0.0,1.0,0.0,0.0,0.0,0.0,2.0,0.0,1.0,0.0,0.0,0.0,0.0,1.0,0.0,0.0,0.0,2.0,0.0,0.0,0.0,3.0,0.0
Assam,9673.787112241902,283.0342009981407,0.023979636701012188,0.7826442419995329,0.02219107685120299,0.005606166783461808,0.007241298761971502,0.003971034804952114,0.21455267460873628,0.6069843494510628,0.4014249007241299,9.044515565900495,0.04858677879000234,5.0889423076923075,0.09950946040644709,1.4917840375586855,0.17811259051623451,2.63344262295082,0.17606311333461613,1.6010928961748634,4.733329813631804,5.0,2.753995433375921,0.5809390329362298,0.018453632328895117,0.05430974071478627,0.9709180098107919,0.6520672740014015,0.31114225648213034,0.06085026862882504,0.000583975706610605,0.006190142490072413,0.19399672973604298,0.05501051156271899,0.016701705209063302,0.21903486963727928,0.5625727590221188,0.47373323397913564,0.8257963035784507,0.03977272727272727,0.8758782201405152,0.586536622681201,0.020144068336839422,0.004398546567221266,0.000828711672085166,45000.0,24000.0,,21000.0,2017.7379166666667,130344.62354235424,2.0304166666666665,13.323870833333334,110030.7067200712,2.125,5121.595744680851,0.0,0.2553191489361702,0.0425531914893617,0.2127659574468085,638.5,622.3,1749.1,13.0,1.0,13.0,7.0,148.0,0.0,5.0,1.0,5.0,1.0,23.0,7.0,17.0,2.0,197.0,0.0,11.0,105.0,8.0,4.0,15.0,21.0,94.0,28.0,134.0,14.0,15.0,97.0,4.0,3.0,4.0,25.0,23.0,2.0,51.0,9.0,38.0,1.0,5.0,65.0,8.0,21.0,35.0,1.0,2.0,16.0,17.0,4.0,4.0,21.0,11.0,26.0,4.0,34.0,57.0,10.0
Bihar,8892.085377988109,195.87096226186142,0.017171555071227848,0.5535381750465549,0.02397579143389199,0.005935754189944134,0.007041433891992552,0.005528398510242086,0.087756052141527,0.5567970204841713,0.06977420856610801,6.9191666666666665,0.004248137802607076,6.013698630136986,0.00215316573556797,1.945945945945946,0.011522346368715084,2.1262626262626263,0.07012959866220736,2.0253353204172875,4.011612171961925,3.0,3.0936017436875662,0.40118715083798884,0.025314245810055865,0.021589851024208566,0.961883147113594,0.7015828677839852,0.3291433891992551,0.013093575418994413,0.0004073556797020484,0.003957169459962756,0.10643621973929236,0.04108472998137803,0.0327048417132216,0.20289452484791246,0.507803943044907,0.28716277385478906,0.7772698612862547,0.044450479811696544,0.9338085539714868,0.5946276285452373,0.011055862662851745,0.0011389205255701548,0.001444484569015806,380253.275,70003.125,41379.31034482759,354250.775,2017.2305772749958,79426.20349702382,2.196841230257689,18.783893599334995,71339.52389014297,1.9155405405405406,4809.379661016949,0.01694915254237288,0.15338983050847457,0.16186440677966102,0.1694915254237288,81.14285714285714,401.7857142857143,968.2857142857143,23.0,3.0,24.0,19.0,249.0,0.0,4.0,2.0,15.0,17.0,46.0,6.0,16.0,4.0,605.0,6.0,7.0,216.0,16.0,18.0,40.0,58.0,192.0,39.0,235.0,31.0,109.0,230.0,12.0,19.0,7.0,54.0,38.0,1.0,64.0,26.0,40.0,1.0,5.0,170.0,39.0,64.0,64.0,8.0,9.0,64.0,23.0,10.0,6.0,64.0,32.0,42.0,4.0,32.0,37.0,24.0
Chandigarh,17157.586843623772,1567.812463935372,0.09207210299862784,0.9083333333333333,0.4,0.0375,0.05694444444444444,0.05694444444444444,0.4222222222222222,0.5083333333333333,0.020833333333333332,8.933333333333334,0.001388888888888889,8.0,0.0,,0.0,,0.03278688524590164,1.5833333333333333,6.547955974842767,6.0,3.8106041050890176,0.8611111111111112,0.006944444444444444,0.34444444444444444,1.0,0.4125,0.7111111111111111,0.25277777777777777,0.0,0.005555555555555556,0.8166666666666667,0.5263888888888889,0.7388888888888889,0.1662162162162162,0.36585365853658536,0.7046332046332047,0.8931506849315068,0.2471042471042471,0.9609375,0.7972972972972973,0.07162162162162163,0.0,0.0,326153.3333333333,53250.0,41739.13043478261,315553.3333333333,2016.7,878408.2009132421,2.3666666666666667,10.0875,1031867.4885844749,,,,,,,243.09677419354838,783.1935483870968,1120.967741935484,8.0,1.0,2.0,4.0,18.0,0.0,4.0,0.0,5.0,0.0,9.0,1.0,5.0,0.0,17.0,0.0,2.0,42.0,9.0,3.0,13.0,21.0,16.0,10.0,81.0,7.0,10.0,63.0,0.0,5.0,4.0,10.0,12.0,0.0,6.0,4.0,15.0,0.0,1.0,28.0,9.0,9.0,10.0,3.0,0.0,7.0,2.0,2.0,5.0,11.0,6.0,10.0,0.0,6.0,11.0,5.0
Chattisgarh,8319.48381190179,216.40724094881398,0.016159844642787292,0.6301916932907349,0.051118210862619806,0.008386581469648562,0.0029952076677316293,0.0075878594249201275,0.1393769968051118,0.5013977635782748,0.24201277955271566,8.688943894389439,0.007388178913738019,4.351351351351352,0.007388178913738019,1.4054054054054055,0.056908945686900955,2.3684210526315788,0.19394663480684987,1.6139630390143738,4.783731170336037,4.0,3.3182517869657593,0.7228434504792333,0.006589456869009584,0.06070287539936102,0.8777955271565495,0.6038338658146964,0.6369808306709265,0.05730830670926518,0.001597444089456869,0.006389776357827476,0.3031150159744409,0.1361821086261981,0.6136182108626198,0.2174957461715544,0.6295444086516336,0.4258289703315881,0.6588114754098361,0.040430482838859805,0.9460431654676259,0.7424682213992594,0.020518466619957963,0.001201080972875588,0.0035031528375537983,206705.88235294117,59000.0,,192823.5294117647,2017.534098151689,162619.59163763066,2.0923566878980893,8.18967515923567,120166.35310635311,2.3457943925233646,10205.881773399014,0.019704433497536946,0.37438423645320196,0.11330049261083744,0.019704433497536946,103.0,755.6,1155.0,17.0,3.0,10.0,17.0,206.0,1.0,5.0,2.0,4.0,8.0,38.0,6.0,21.0,3.0,115.0,2.0,9.0,118.0,12.0,6.0,9.0,44.0,92.0,33.0,143.0,13.0,18.0,154.0,3.0,17.0,20.0,36.0,25.0,0.0,20.0,21.0,44.0,0.0,2.0,91.0,17.0,77.0,35.0,6.0,5.0,14.0,15.0,9.0,5.0,60.0,19.0,21.0,3.0,35.0,14.0,13.0
Dadra & Nagar Haveli and Daman & Diu,10205.078784119107,301.38709677419354,0.026454975278908593,0.8323442136498517,0.11869436201780416,0.037091988130563795,0.011869436201780416,0.016320474777448073,0.3961424332344214,0.3367952522255193,0.20474777448071216,11.043478260869565,0.0712166172106825,6.5,0.06379821958456973,2.0,0.037091988130563795,2.24,0.11013215859030837,2.04,4.741948975324132,5.0,2.842724142679041,0.5207715133531158,0.008902077151335312,0.04451038575667656,0.9792284866468842,0.2774480712166172,0.48813056379821956,0.050445103857566766,0.0,0.002967359050445104,0.37833827893175076,0.09495548961424333,0.08753709198813056,0.16294349540078842,0.45564516129032256,0.567191844300278,0.9150326797385621,0.11214087117701575,0.9917355371900827,0.8212877792378449,0.022339027595269383,0.000657030223390276,0.000657030223390276,185590.52813852814,8540.157142857142,3688.130081300813,188921.21076233184,2017.1677215189873,307457.5365418895,2.4525316455696204,9.52117088607595,279109.1055456172,2.2666666666666666,4683.333333333333,0.23333333333333334,0.06666666666666667,0.13333333333333333,0.06666666666666667,,,,0.0,0.0,1.0,0.0,2.0,0.0,0.0,0.0,0.0,0.0,0.0,1.0,1.0,0.0,1.0,0.0,0.0,1.0,2.0,0.0,2.0,2.0,13.0,3.0,8.0,1.0,0.0,1.0,0.0,1.0,1.0,0.0,0.0,0.0,0.0,2.0,5.0,0.0,0.0,4.0,1.0,0.0,1.0,0.0,0.0,0.0,0.0,0.0,0.0,4.0,1.0,3.0,0.0,1.0,1.0,0.0
Delhi,15768.98718446602,2892.051521035599,0.20034634558415051,0.8995673671199012,0.4521013597033375,0.34239802224969096,0.18046971569839307,0.23825710754017304,0.8105686032138443,0.5275030902348579,0.12021013597033374,10.339152119700747,0.04480840543881335,5.572413793103448,0.005562422744128554,1.6111111111111112,0.03337453646477132,2.925925925925926,0.1347393087287639,1.6652173913043478,6.611275964391691,6.0,3.780371547810558,0.9004944375772559,0.037082818294190356,0.2567985166872682,0.9854758961681088,0.3080964153275649,0.5948702101359703,0.12360939431396786,0.0006180469715698393,0.009579728059332509,0.865265760197775,0.7567985166872683,0.8529048207663782,0.157939308398024,0.13047363717605004,0.5979260418704755,0.9332460732984293,0.26002739189982393,0.9902182091798345,0.7367678193366267,0.011009174311926606,0.0011291460832745237,0.001834862385321101,348260.0,38600.0,0.0,328960.0,2017.4025423728813,457778.4162283997,2.1596045197740112,12.642118644067798,451232.269984917,1.5217391304347827,5154.744525547445,0.0,0.12408759124087591,0.32116788321167883,0.058394160583941604,237.58064516129033,658.8817204301075,1096.005376344086,265.0,52.0,162.0,171.0,406.0,7.0,86.0,11.0,100.0,49.0,314.0,33.0,124.0,29.0,596.0,18.0,81.0,986.0,198.0,112.0,373.0,544.0,729.0,350.0,1643.0,139.0,537.0,1572.0,61.0,131.0,106.0,336.0,301.0,20.0,84.0,167.0,521.0,1.0,45.0,1056.0,151.0,415.0,411.0,53.0,71.0,325.0,110.0,121.0,86.0,489.0,211.0,331.0,55.0,260.0,342.0,135.0
Goa,16351.457816377171,1322.6246898263028,0.07096429358763078,0.8828696925329429,0.043923865300146414,0.0029282576866764276,0.004392386530014641,0.020497803806734993,0.38945827232796487,0.4685212298682284,0.17715959004392387,7.446280991735537,0.04538799414348463,5.516129032258065,0.0014641288433382138,2.0,0.0,,0.003125,1.0,6.024305555555555,6.0,3.35483364997265,0.8872620790629575,0.0029282576866764276,0.20644216691068815,0.9780380673499268,0.2240117130307467,0.8272327964860908,0.3616398243045388,0.0029282576866764276,0.0014641288433382138,0.8682284040995608,0.6398243045387995,0.27379209370424595,0.21294363256784968,0.3480392156862745,0.5614754098360656,0.8807785888077859,0.1325136612021858,0.9175257731958762,0.7797494780793319,0.054279749478079335,0.0020876826722338203,0.0,15676.85254691689,6273.513513513513,6242.477876106194,15701.088471849866,2016.6717948717949,530557.6119402985,2.471794871794872,9.586410256410256,520155.44311377243,3.0,10000.0,0.0,0.0,0.0,0.5,40.0,390.0,750.0,11.0,0.0,4.0,5.0,13.0,0.0,1.0,1.0,2.0,4.0,14.0,1.0,5.0,1.0,29.0,1.0,7.0,26.0,12.0,10.0,10.0,14.0,49.0,11.0,40.0,1.0,6.0,67.0,1.0,10.0,3.0,18.0,14.0,0.0,10.0,4.0,18.0,0.0,2.0,39.0,6.0,10.0,16.0,3.0,1.0,5.0,0.0,1.0,3.0,15.0,2.0,3.0,1.0,14.0,39.0,4.0
Gujarat,13953.989822537385,461.1136054671712,0.026165406597985125,0.8426368952684742,0.1465532518164097,0.018784334573808258,0.007708665603402445,0.007177033492822967,0.31392876129718233,0.5043416622363991,0.2431330852383484,9.99672131147541,0.021088073719652666,4.705882352941177,0.012847776005670743,1.296551724137931,0.013999645578592948,2.088607594936709,0.16584680252986647,1.7182203389830508,4.775928907973997,4.0,3.2163273040032174,0.7011341485025696,0.01718943824206982,0.07132730816941343,0.9730639730639731,0.2571327308169413,0.7302853092326776,0.1101364522417154,0.0023923444976076554,0.009569377990430622,0.5850611376927166,0.177210703526493,0.19103313840155944,0.20426160526433593,0.4990138067061144,0.3743703157636073,0.8142435182146374,0.09528197567268706,0.9516441005802708,0.7150275303281257,0.03375262992971932,0.000850530462419983,0.0008952952235999821,53234.567901234564,11295.774647887323,1562.5,44567.9012345679,2017.2241245136188,350225.0581428985,2.3137966804979255,9.563615145228216,303908.67915214866,2.2230483271375463,8263.121495327103,0.022429906542056073,0.23177570093457944,0.17009345794392525,0.07850467289719626,208.3687150837989,670.0279329608938,975.0927374301676,115.0,53.0,67.0,105.0,837.0,0.0,48.0,6.0,86.0,45.0,333.0,42.0,337.0,22.0,744.0,6.0,79.0,429.0,164.0,38.0,327.0,321.0,656.0,306.0,1404.0,114.0,155.0,1237.0,65.0,116.0,70.0,183.0,137.0,28.0,169.0,144.0,281.0,1.0,21.0,821.0,79.0,602.0,227.0,55.0,43.0,97.0,53.0,49.0,49.0,700.0,81.0,362.0,54.0,194.0,159.0,136.0
Haryana,15430.18766734919,1034.6426996377381,0.05057207540607524,0.5463173880030372,0.154707668944571,0.05106302201974184,0.04460895975702354,0.04612756264236902,0.43109339407744873,0.5810554290053151,0.079916476841306,9.505938242280285,0.01442672741078208,5.684210526315789,0.006264236902050114,1.5757575757575757,0.008542141230068337,1.9777777777777779,0.07775236850702384,1.7436974789915967,5.311517229842757,5.0,3.6032974605174766,0.8407365223993926,0.04783599088838269,0.1353454821564161,0.9920273348519362,0.4413439635535307,0.6847000759301443,0.16211085801063022,0.0017084282460136675,0.025436598329536826,0.7769552012148823,0.64958238420653,0.6268033409263477,0.2118031488266165,0.46984572230014027,0.4237216509367517,0.875,0.11719960557825046,0.9471153846153846,0.7185859986137242,0.030795128230517874,0.0019803940984255866,0.0013862758688979106,68746.74285714286,22947.41935483871,2666.6666666666665,49793.31428571429,2017.2529321774605,386840.18880484113,2.086180520142784,11.865563488016317,319360.74098961515,2.08,6316.0,0.0,0.42,0.05,0.03,,,,177.0,30.0,67.0,75.0,321.0,3.0,50.0,2.0,53.0,31.0,243.0,15.0,62.0,13.0,428.0,11.0,39.0,479.0,148.0,33.0,157.0,271.0,428.0,190.0,752.0,71.0,215.0,832.0,15.0,84.0,57.0,188.0,107.0,6.0,93.0,80.0,185.0,4.0,31.0,419.0,104.0,218.0,229.0,27.0,30.0,81.0,45.0,57.0,52.0,253.0,86.0,153.0,31.0,155.0,155.0,83.0
Himachal Pradesh,12603.15082750384,611.7502132741853,0.04665462154601781,0.7432432432432432,0.05241605241605242,0.01597051597051597,0.018837018837018837,0.002457002457002457,0.3570843570843571,0.4844389844389844,0.147010647010647,11.24791086350975,0.012694512694512694,4.064516129032258,0.02661752661752662,1.5076923076923077,0.05528255528255528,2.837037037037037,0.0338123415046492,1.525,5.858257477243173,6.0,3.474343532754242,0.7743652743652744,0.02334152334152334,0.1167076167076167,0.9836199836199836,0.04586404586404586,0.29565929565929566,0.22522522522522523,0.0012285012285012285,0.0,0.6683046683046683,0.545045045045045,0.07166257166257166,0.25433090635199596,0.8114511352418559,0.49485220856858186,0.8422818791946308,0.10594486881434739,0.9686520376175548,0.8358021591765001,0.1757469244288225,0.001506402209389907,0.0010042681395932714,49033.333333333336,28909.636363636364,23909.090909090908,45366.26666666667,2016.5641344956414,405824.72855133616,2.5330012453300124,7.612154420921545,312913.6718309859,2.873015873015873,31150.4,0.008,0.144,0.224,0.128,0.0,725.0,580.0,8.0,0.0,1.0,4.0,69.0,0.0,1.0,0.0,2.0,2.0,5.0,0.0,6.0,1.0,57.0,1.0,2.0,29.0,3.0,2.0,7.0,5.0,34.0,7.0,61.0,2.0,11.0,42.0,1.0,4.0,2.0,13.0,10.0,1.0,4.0,8.0,11.0,0.0,1.0,25.0,2.0,18.0,12.0,0.0,0.0,5.0,3.0,2.0,0.0,19.0,2.0,8.0,2.0,7.0,37.0,4.0
Jammu and Kashmir,15515.956254433673,451.3447623551667,0.025159975063109113,0.9046136427964903,0.04217378998018681,0.006510048117746957,0.011038777243136145,0.002547410133031418,0.33314463628644214,0.6210019813189923,0.12001132182281347,9.233490566037736,0.009906594961788848,6.457142857142857,0.005094820266062836,1.5555555555555556,0.026606283611661476,2.106382978723404,0.059708295350957154,1.83206106870229,5.090389360293675,5.0,3.4917041375400166,0.6365694876875176,0.1273705066515709,0.11548259269742428,0.9855646759128219,0.15907161052929522,0.3020096235493914,0.19756580809510332,0.0005660911406736484,0.0019813189923577695,0.6351542598358336,0.5060854797622417,0.19133880554769317,0.21181183768415612,0.7022574740695546,0.4767900770531855,0.8742609381158849,0.07009960533734261,0.9463806970509383,0.798526751098475,0.02054794520547945,0.0,0.0012923235978288964,,,,,2017.0266990291261,221098.22968679073,2.574433656957929,5.536844660194174,158815.64207650273,2.5587188612099645,17654.029795158287,0.00931098696461825,0.23277467411545624,0.25139664804469275,0.0297951582867784,0.0,427.0,252.0,5.0,2.0,3.0,4.0,76.0,0.0,0.0,1.0,5.0,5.0,23.0,3.0,1.0,0.0,233.0,0.0,7.0,56.0,6.0,5.0,8.0,4.0,44.0,15.0,59.0,2.0,24.0,78.0,4.0,5.0,4.0,13.0,11.0,0.0,44.0,5.0,10.0,0.0,3.0,49.0,9.0,26.0,13.0,1.0,6.0,22.0,4.0,0.0,1.0,12.0,11.0,13.0,0.0,14.0,34.0,5.0
Jharkhand,9176.65314722149,350.98907031867265,0.03070810713428946,0.7188723570869224,0.03523884103367267,0.012059514487079091,0.019890368050117464,0.01158966327329679,0.1519185591229444,0.5968676585747846,0.26123727486296006,9.700239808153476,0.09741581832419734,6.532154340836013,0.18104933437744714,1.7205882352941178,0.04917776037588097,2.015923566878981,0.14169509315140383,1.6944444444444444,4.429342659242157,4.0,3.149808201680599,0.43570869224745495,0.01033672670321065,0.05027407987470634,0.9425215348472984,0.6272513703993735,0.49444009397024274,0.040563821456538765,0.0009397024275646045,0.012059514487079091,0.20751761942051683,0.105716523101018,0.07893500391542678,0.20183991193583897,0.6809505259057266,0.3238573704202916,0.7623912220961029,0.05440509741453253,0.8648648648648649,0.6948419562824344,0.025790218587828276,0.006054411070923101,0.00290926246265136,162928.09174311926,33802.098360655735,3666.769230769231,148039.60747663552,2017.013698630137,111305.83386411889,2.256495040151157,14.169414265470005,99140.14034151548,2.83859649122807,5133.125925925926,0.022222222222222223,0.17592592592592593,0.24444444444444444,0.08518518518518518,166.0909090909091,597.5454545454545,1009.6363636363636,21.0,8.0,9.0,3.0,104.0,0.0,6.0,0.0,6.0,8.0,32.0,1.0,24.0,3.0,137.0,0.0,7.0,90.0,12.0,6.0,16.0,25.0,87.0,37.0,89.0,25.0,40.0,152.0,11.0,13.0,7.0,26.0,18.0,3.0,44.0,12.0,34.0,0.0,2.0,84.0,18.0,56.0,30.0,8.0,6.0,25.0,10.0,4.0,7.0,35.0,10.0,22.0,4.0,14.0,18.0,8.0
Karnataka,11955.88145559625,536.288531971372,0.03557725033560608,0.7391234159334894,0.09007990959722334,0.03164097182984906,0.0036322544192428767,0.008798127371054967,0.39631931552183386,0.5013318266203891,0.20397126483170555,9.771360759493671,0.01541690209056421,3.675392670157068,0.027605133586245865,1.5467836257309941,0.08354185164258617,2.582608695652174,0.13186282402189664,1.4884004884004884,4.999711328302198,5.0,3.4081673969512605,0.843409476148196,0.027201549761885543,0.08991847606747921,0.9727984502381145,0.12333521672451368,0.6927919928969247,0.07942529663411091,0.0012107514730809589,0.0147711679715877,0.40092017111954154,0.17604326418597144,0.032044555654209377,0.20365627483882362,0.5366435385949696,0.4866603706764254,0.8964220739842329,0.11433124778656593,0.963345379452762,0.798684094321293,0.057096175925108184,0.0027819482469310253,0.0027377903382495806,353115.3846153846,30000.0,0.0,330038.46153846156,2017.1129842180774,259787.08370798544,2.3108641089996413,11.834741842954465,215778.65495310983,1.8020833333333333,11574.0,0.0035587188612099642,0.22241992882562278,0.09074733096085409,0.19572953736654805,305.0425531914894,793.9893617021277,1058.7340425531916,658.0,99.0,112.0,286.0,722.0,6.0,173.0,19.0,151.0,55.0,373.0,97.0,77.0,61.0,452.0,15.0,136.0,1071.0,522.0,70.0,239.0,683.0,806.0,394.0,1516.0,76.0,300.0,2233.0,46.0,348.0,76.0,252.0,227.0,45.0,136.0,127.0,389.0,4.0,61.0,570.0,199.0,278.0,365.0,92.0,23.0,155.0,91.0,119.0,86.0,575.0,120.0,187.0,63.0,210.0,275.0,104.0
Kerala,14207.789682764882,699.8988139152148,0.04324567201024841,0.7164158872170259,0.18733902670462246,0.014504541141385387,0.015588992815507659,0.0062355971262030635,0.412904974922055,0.5111834078893859,0.1854412362749085,10.345733041575492,0.0058289277484072114,4.325581395348837,0.008268944015182323,1.360655737704918,0.02887352582350549,2.2535211267605635,0.041898700609917794,1.4873417721518987,5.892200426285178,5.0,3.1866793178568833,0.7963941981835434,0.08933170665582214,0.1735122678595635,0.9930866205774705,0.22881930323979938,0.63006642266504,0.23898603768469567,0.0010844516741222718,0.0023044598075098277,0.8038498034431341,0.4828521079029416,0.1354209028060187,0.31506639035996625,0.5371498172959805,0.6084810636583401,0.8422446614798874,0.07181708299758259,0.9495091164095372,0.7835597513239696,0.07345153119963159,0.010131245682707806,0.021874280451300944,,,,,2017.2246105919003,291189.69940278697,2.1512225510045164,9.65236411773867,249065.1971893821,2.5449101796407185,41674.66881028939,0.012861736334405145,0.18971061093247588,0.2572347266881029,0.07717041800643087,189.42857142857142,855.2857142857143,1457.642857142857,159.0,50.0,62.0,52.0,238.0,0.0,46.0,16.0,43.0,22.0,105.0,30.0,28.0,10.0,236.0,6.0,50.0,566.0,166.0,25.0,63.0,126.0,298.0,122.0,546.0,45.0,74.0,1183.0,9.0,92.0,29.0,129.0,115.0,5.0,77.0,31.0,157.0,2.0,13.0,206.0,35.0,107.0,154.0,62.0,10.0,33.0,40.0,49.0,31.0,233.0,45.0,49.0,23.0,38.0,148.0,72.0
Ladakh,14429.098722415796,177.72822299651568,0.009461884493675299,0.9388038942976356,0.06258692628650904,0.0,0.006954102920723227,0.0027816411682892906,0.20166898470097358,0.5757997218358831,0.23226703755215578,6.766467065868263,0.02364394993045897,7.470588235294118,0.02642559109874826,2.0526315789473686,0.16411682892906815,2.8135593220338984,0.014492753623188406,1.3333333333333333,5.164598842018197,5.0,3.3527957763241725,0.8344923504867872,0.29207232267037553,0.1043115438108484,0.9568845618915159,0.17107093184979139,0.22809457579972184,0.2573018080667594,0.0,0.008344923504867872,0.502086230876217,0.5660639777468707,0.031988873435326845,,,,,,,,,,,,,,,,,,,,,,,,,,,,,0.0,0.0,0.0,0.0,4.0,0.0,0.0,0.0,0.0,0.0,0.0,0.0,0.0,0.0,6.0,0.0,0.0,0.0,0.0,0.0,0.0,0.0,3.0,0.0,1.0,0.0,1.0,0.0,0.0,0.0,0.0,0.0,0.0,0.0,0.0,0.0,0.0,0.0,0.0,0.0,0.0,1.0,1.0,0.0,0.0,0.0,0.0,0.0,0.0,0.0,0.0,0.0,0.0,0.0,1.0,0.0
Lakshadweep Islands,21231.101637107775,225.86084583901774,0.011595795472034768,0.8879736408566722,0.060955518945634266,0.0016474464579901153,0.0,0.0,0.27182866556836904,0.5205930807248764,0.4794069192751236,10.36426116838488,0.214168039538715,5.2615384615384615,0.07907742998352553,1.5833333333333333,0.13838550247116968,3.0714285714285716,0.05063291139240506,1.4375,5.442697414395528,5.0,2.953567169864256,0.8253706754530478,0.214168039538715,0.08237232289950576,1.0,0.6919275123558485,0.7067545304777595,0.0032948929159802307,0.0,0.006589785831960461,0.886326194398682,0.6112026359143328,0.14991762767710048,0.20208023774145617,0.3161764705882353,0.7991803278688525,0.9153846153846154,0.06557377049180328,0.875,0.7756315007429421,0.014858841010401188,0.005943536404160475,0.005943536404160475,3199750.0,67000.0,10000.0,4223333.333333333,2016.0,302384.2105263158,2.811320754716981,8.44811320754717,191368.44919786096,,,,,,,,,,0.0,0.0,0.0,0.0,0.0,0.0,0.0,0.0,0.0,0.0,0.0,0.0,0.0,0.0,1.0,0.0,0.0,0.0,0.0,0.0,0.0,0.0,0.0,0.0,0.0,0.0,0.0,1.0,0.0,0.0,0.0,0.0,0.0,0.0,0.0,0.0,0.0,0.0,0.0,0.0,0.0,0.0,0.0,0.0,0.0,0.0,0.0,0.0,0.0,0.0,0.0,0.0,0.0,0.0,1.0,0.0
Madhya Pradesh,11130.135603660683,348.9324768274082,0.02208315146910911,0.7120518419384377,0.07684722124392478,0.017398041839825316,0.012537860111291118,0.012185673029513278,0.1957455800521237,0.5597661477776995,0.24871451715151088,9.960079275198188,0.008311615129957033,4.245762711864407,0.0042966823976896525,1.6065573770491803,0.03190814960907234,1.9801324503311257,0.15716622624889895,1.7381905524419536,4.614311231889589,4.0,3.359769495572196,0.6959921110093682,0.022821722899204058,0.05226456293583152,0.9640769176586603,0.3954356554201592,0.6867648094667888,0.06226667605832218,0.0006339367472001127,0.0099316757061351,0.30964288229907727,0.14073395787842502,0.5780798760301472,0.2094828490506661,0.6236020697713236,0.28259975318798847,0.7963973799126638,0.04900246812011518,0.9359916054564533,0.6892898353089268,0.016993601174866254,0.0008042239239134236,0.0008391901814748768,90062.77777777778,19637.058823529413,20333.333333333332,81683.33333333333,2017.1178420180445,193021.12740899358,2.1434358313386115,15.08436199594918,173883.46305259762,2.911032028469751,16835.532763532763,0.012345679012345678,0.21557454890788225,0.23741690408357075,0.06837606837606838,73.97826086956522,465.8695652173913,748.8913043478261,56.0,19.0,53.0,37.0,392.0,1.0,20.0,6.0,28.0,14.0,106.0,9.0,48.0,8.0,344.0,5.0,19.0,285.0,67.0,20.0,73.0,116.0,284.0,95.0,403.0,37.0,274.0,555.0,12.0,45.0,29.0,91.0,58.0,2.0,74.0,47.0,92.0,2.0,13.0,284.0,64.0,178.0,103.0,19.0,18.0,85.0,34.0,13.0,13.0,116.0,49.0,78.0,9.0,68.0,73.0,51.0
Maharashtra,12808.555336329424,748.6473382293836,0.04607614844214379,0.7117184410562855,0.17303044949250845,0.011687683993145568,0.026714706270047014,0.028516191396810053,0.3407443209279845,0.5346895733555956,0.17869853684256778,9.517580526186379,0.01221494793268597,4.0647482014388485,0.01208313194780087,1.549090909090909,0.03602970253526078,2.096341463414634,0.12983811323855698,1.6430379746835444,5.400806485487462,5.0,3.4399111518813363,0.8026714706270047,0.012258886594314337,0.10668307043367459,0.9760973680741685,0.19047409815897007,0.5967309635748496,0.08871215782767257,0.0016696691418779384,0.011424052023375368,0.4961993057691463,0.20616020036029703,0.33120963135462894,0.23834716136850936,0.5067957367752028,0.4396873724850121,0.8462307252998287,0.11974638249788129,0.9559633027522936,0.7144821478512166,0.03530810105341661,0.0022373450172462014,0.0030763493987135265,,,,,2016.8227477477478,406062.8907749559,2.329317721233956,10.866139383021842,424833.6321355843,2.735135135135135,15620.388312912346,0.03770028275212064,0.2412818096135721,0.177191328934967,0.06691800188501414,230.2534435261708,801.8292011019283,1188.7134986225894,499.0,99.0,221.0,228.0,1758.0,7.0,158.0,41.0,206.0,86.0,669.0,65.0,402.0,50.0,1189.0,18.0,240.0,1405.0,477.0,105.0,466.0,1158.0,1538.0,607.0,2723.0,190.0,563.0,2814.0,82.0,326.0,171.0,563.0,553.0,37.0,434.0,229.0,752.0,2.0,88.0,1380.0,301.0,774.0,539.0,136.0,109.0,249.0,165.0,143.0,176.0,965.0,260.0,368.0,89.0,468.0,359.0,225.0
Manipur,10819.25979202773,457.9309358752166,0.047304083371261234,0.5716945996275605,0.20297951582867785,0.016552865714876887,0.004552038071591144,0.0037243947858473,0.3581626319056487,0.6432857438444031,0.07097041175253466,9.644314868804665,0.010966273536105938,6.113207547169812,0.019656528036416304,1.6631578947368422,0.030622801572522243,3.168918918918919,0.03248633000964941,1.5940594059405941,5.925159733702694,6.0,3.4762030439758433,0.62756052141527,0.34967928822677424,0.11028346782536727,0.9863438857852266,0.31057314297537764,0.5187254293399545,0.15994206496999794,0.0028967515001034555,0.0033105731429753774,0.33809228222636045,0.37740533829919304,0.018208152286364576,0.22584167424931756,0.5040290088638195,0.5078919208132692,0.9188833289439031,0.02086677367576244,0.7756410256410257,0.5070063694267516,0.001637852593266606,0.00018198362147406734,0.03357597816196543,112240.0,12500.0,21666.666666666668,115240.0,2017.634628975265,115171.88043478261,2.091872791519435,25.73790106007067,92511.54917127072,2.9,5230.7692307692305,0.10256410256410256,0.07692307692307693,0.0,0.3333333333333333,,,,1.0,1.0,1.0,1.0,22.0,0.0,0.0,0.0,0.0,0.0,4.0,2.0,1.0,0.0,17.0,0.0,0.0,13.0,1.0,1.0,1.0,1.0,14.0,3.0,12.0,2.0,1.0,15.0,1.0,1.0,2.0,2.0,7.0,0.0,9.0,1.0,0.0,0.0,0.0,7.0,3.0,4.0,1.0,0.0,0.0,1.0,3.0,0.0,0.0,2.0,0.0,3.0,0.0,13.0,4.0,1.0
Meghalaya,13116.702414957153,362.4668917164373,0.026455035817754345,0.8511367175334786,0.014637184677670508,0.003425724073497353,0.003425724073497353,0.0018685767673621925,0.20710059171597633,0.6979134226097788,0.20616630333229524,8.492447129909365,0.04142011834319527,7.390977443609023,0.017440049828713795,1.7678571428571428,0.03425724073497353,2.227272727272727,0.05488621151271754,1.6097560975609757,4.791785649188894,4.0,2.9948861650011875,0.5549672999065711,0.05107443164123326,0.09872313920896916,0.9137340392401121,0.07567735907816879,0.20149486141388975,0.12955465587044535,0.0015571473061351605,0.0,0.18779196511990034,0.026471504204297728,0.0012457178449081284,0.19548525798525798,0.655145326001571,0.568063476320357,0.749890877346137,0.02206793949913216,0.8539325842696629,0.5193488943488943,0.00906019656019656,0.0003071253071253071,0.0003071253071253071,,,,,2017.7052785923754,105152.7067669173,1.7624633431085044,6.66183284457478,82749.94740912606,1.0,2000.0,0.0,0.0,0.0,0.5,,,,1.0,1.0,1.0,0.0,7.0,0.0,0.0,0.0,0.0,0.0,0.0,0.0,0.0,0.0,2.0,0.0,0.0,5.0,3.0,1.0,0.0,0.0,5.0,1.0,2.0,0.0,0.0,7.0,0.0,0.0,1.0,2.0,0.0,0.0,1.0,0.0,3.0,0.0,0.0,3.0,0.0,0.0,3.0,0.0,0.0,0.0,2.0,1.0,0.0,0.0,1.0,2.0,0.0,2.0,5.0,0.0
Mizoram,14035.139393229472,2296.307133653508,0.20725562914401457,0.8061735261401557,0.12736373748609567,0.057007786429365964,0.050333704115684094,0.042269187986651836,0.43381535038932145,0.5189098998887653,0.09454949944382647,8.979411764705882,0.016407119021134595,8.135593220338983,0.016407119021134595,1.6101694915254237,0.026696329254727477,3.6354166666666665,0.0969989281886388,1.4806629834254144,6.678871473354232,6.0,3.2471615166190326,0.9265850945494994,0.10372636262513904,0.3075639599555061,0.9560622914349277,0.08064516129032258,0.5848164627363738,0.17630700778642935,0.0027808676307007787,0.0030589543937708566,0.8314794215795328,0.6849276974416018,0.06729699666295884,0.19052470708099847,0.47237076648841353,0.5365545155578042,0.9495520980669495,0.053377181887174295,0.9146919431279621,0.6379690949227373,0.005264051621667516,0.0010188487009679063,0.00033961623365596876,,,,,2016.9297218155198,309302.73871206515,2.49194729136164,7.776163982430454,231507.07404637247,1.8969072164948453,7872.886597938144,0.14948453608247422,0.04639175257731959,0.15463917525773196,0.14948453608247422,,,,0.0,1.0,0.0,0.0,10.0,0.0,0.0,0.0,0.0,0.0,0.0,0.0,0.0,0.0,3.0,0.0,0.0,1.0,0.0,0.0,2.0,0.0,4.0,0.0,4.0,1.0,0.0,4.0,0.0,0.0,0.0,1.0,1.0,0.0,0.0,0.0,0.0,0.0,0.0,0.0,1.0,0.0,0.0,0.0,0.0,0.0,0.0,0.0,0.0,0.0,2.0,3.0,0.0,1.0,2.0,0.0
Nagaland,13702.467518493611,725.6092804303968,0.04949826145098484,0.7905691056910569,0.014634146341463415,0.0175609756097561,0.015934959349593495,0.003902439024390244,0.6230894308943089,0.5004878048780488,0.15479674796747966,11.701680672268907,0.010081300813008131,4.67741935483871,0.024715447154471545,1.8421052631578947,0.045203252032520326,2.2949640287769784,0.004548408057179987,1.7142857142857142,5.371925572110929,5.0,3.006583681914368,0.583739837398374,0.07544715447154472,0.08,0.9639024390243902,0.026991869918699188,0.12065040650406504,0.21170731707317073,0.0045528455284552845,0.0006504065040650406,0.35024390243902437,0.16195121951219513,0.04227642276422764,0.2276774357669804,0.617877094972067,0.6005403319181783,0.9158097686375322,0.09996140486298727,0.915057915057915,0.5011447468837446,0.006868481302467566,0.002035105571101501,0.007886034088018317,51587.307692307695,1454.5454545454545,571.4285714285714,50818.07692307692,2017.7464212678938,127808.316008316,1.9979550102249488,5.514314928425358,97125.12307692308,3.2857142857142856,12242.857142857143,0.0,0.0,0.0,0.5,,,,0.0,0.0,0.0,0.0,17.0,0.0,0.0,0.0,1.0,1.0,2.0,0.0,0.0,0.0,3.0,0.0,0.0,5.0,1.0,0.0,3.0,1.0,8.0,2.0,4.0,0.0,4.0,7.0,0.0,0.0,1.0,2.0,4.0,0.0,2.0,0.0,2.0,0.0,0.0,2.0,1.0,2.0,4.0,0.0,0.0,0.0,0.0,0.0,0.0,0.0,0.0,0.0,1.0,1.0,3.0,1.0
Odisha,9911.662718402542,319.1253460403903,0.021532492228692766,0.47011431682090365,0.033750680457267285,0.009254218835057159,0.004246053347849755,0.00457267283614589,0.19738704409363092,0.49112683723462164,0.2950462710941753,8.588560885608857,0.0041371801850843765,2.8421052631578947,0.008600979858464888,1.3164556962025316,0.11050626020685901,2.9950738916256157,0.08423852804256263,1.4,4.449169028958924,4.0,3.1289088508762943,0.5624387588459445,0.004246053347849755,0.03636363636363636,0.9026673924877517,0.707348938486663,0.4692433315187806,0.03810560696788242,0.0008709853021230267,0.0017419706042460534,0.2326619488296135,0.08459444746869897,0.1473053892215569,0.21306928138304734,0.6382076899788072,0.40155858115370835,0.8119562792772697,0.03529201003224651,0.9010152284263959,0.7166172106824926,0.04451038575667656,0.00528964004644562,0.003999483937556445,85008.88,27604.166666666668,0.0,58508.88,2017.2472487160676,80864.90713443396,2.1019809244314014,16.68434091464906,81237.61119336689,2.676384839650146,7441.88906009245,0.010015408320493066,0.15408320493066255,0.33281972265023113,0.031587057010785825,109.61538461538461,313.3076923076923,590.7692307692307,31.0,17.0,18.0,19.0,191.0,0.0,11.0,2.0,16.0,22.0,46.0,27.0,21.0,5.0,161.0,3.0,12.0,173.0,26.0,25.0,39.0,40.0,179.0,46.0,250.0,27.0,57.0,349.0,7.0,44.0,17.0,60.0,33.0,4.0,51.0,24.0,60.0,0.0,7.0,115.0,25.0,101.0,59.0,14.0,7.0,26.0,20.0,18.0,11.0,69.0,16.0,49.0,4.0,45.0,51.0,19.0
Pondicherry,15955.700116686114,552.1466355503695,0.037674678333350274,0.8130841121495327,0.04953271028037383,0.027102803738317756,0.013084112149532711,0.02149532710280374,0.23177570093457944,0.5121495327102804,0.14392523364485982,8.506493506493506,0.017757009345794394,5.947368421052632,0.002803738317757009,1.3333333333333333,0.038317757009345796,2.0,0.01824817518248175,1.6,6.28813104189044,6.0,3.654124842159533,0.9514018691588785,0.04299065420560748,0.2,0.9710280373831776,0.3355140186915888,0.8336448598130841,0.10560747663551402,0.001869158878504673,0.001869158878504673,0.8710280373831776,0.5485981308411215,0.4,0.1956989247311828,0.14285714285714285,0.6715257531584062,0.9377713458755427,0.13313896987366375,0.9416058394160584,0.7792114695340502,0.03512544802867384,0.01935483870967742,0.0064516129032258064,25369.74603174603,10411.57142857143,3225.423728813559,22090.894568690095,2017.4842615012108,194438.28483920367,2.2687651331719128,15.38995157384988,164174.5499231951,1.5714285714285714,12289.464285714286,0.0,0.41964285714285715,0.008928571428571428,0.07142857142857142,,,,3.0,0.0,1.0,5.0,9.0,0.0,1.0,1.0,0.0,0.0,4.0,1.0,5.0,0.0,7.0,0.0,1.0,9.0,1.0,0.0,0.0,0.0,11.0,4.0,13.0,1.0,2.0,30.0,0.0,2.0,0.0,3.0,0.0,0.0,2.0,0.0,2.0,0.0,1.0,7.0,1.0,6.0,2.0,1.0,0.0,3.0,1.0,2.0,0.0,4.0,1.0,2.0,1.0,3.0,5.0,3.0
Punjab,14814.31694380734,519.6871416284404,0.0276959711247981,0.8111492281303602,0.06449399656946826,0.026243567753001715,0.010977701543739279,0.020754716981132074,0.2648370497427101,0.5389365351629503,0.1502572898799314,11.122146118721462,0.011492281303602058,5.119402985074627,0.05180102915951972,1.814569536423841,0.03962264150943396,2.41991341991342,0.0852959898154042,1.7611940298507462,5.207511365882586,5.0,3.224413749482496,0.9013722126929674,0.008747855917667238,0.09296740994854202,0.9903945111492282,0.49313893653516294,0.7902229845626072,0.17221269296740996,0.004631217838765009,0.012521440823327616,0.8938250428816467,0.6833619210977702,0.6298456260720412,0.22375759593773412,0.40773809523809523,0.44474302989586834,0.8129405840886204,0.09069533087000337,0.9493827160493827,0.7520186464663281,0.031882127694997084,0.0016648630650129028,0.0026637809040206445,58632.29508196721,1019.6382978723404,2380.586956521739,59641.86885245902,2017.1561508635882,357835.814003902,2.179414874867818,10.633503701092703,290637.8526086956,2.5804597701149423,15550.819672131147,0.10491803278688525,0.25245901639344265,0.12459016393442623,0.08852459016393442,126.0,961.75,1757.875,32.0,13.0,11.0,12.0,112.0,0.0,6.0,0.0,4.0,5.0,46.0,8.0,21.0,6.0,76.0,0.0,3.0,113.0,13.0,7.0,25.0,40.0,110.0,26.0,155.0,12.0,36.0,210.0,3.0,12.0,10.0,35.0,30.0,3.0,44.0,17.0,38.0,1.0,4.0,79.0,15.0,60.0,47.0,5.0,5.0,13.0,7.0,5.0,10.0,50.0,12.0,49.0,2.0,20.0,42.0,20.0
Rajasthan,13631.690766605574,439.73522720091006,0.024199607796923317,0.772299042698678,0.09816137365142076,0.02666767968393861,0.019905789393709163,0.01755052423643823,0.24882236742136454,0.62080230967938,0.26827229904269867,12.51005380911923,0.005014435496125209,7.090909090909091,0.002583194043458441,1.7647058823529411,0.022716912323355112,3.0535117056856187,0.17708970750214173,1.8189357290946786,4.400625594161121,4.0,3.398380437193452,0.5765081294636073,0.01451147242060477,0.04512991946512688,0.9826774046497493,0.1733779060932989,0.6795319860203617,0.08752469229600365,0.00303905181583346,0.005926151040875247,0.4807779972648534,0.17474547941042395,0.6527883300410272,0.20193483044040095,0.6333448633690765,0.3677962556217969,0.7712213848997583,0.06913502771676602,0.9107413010590015,0.6918939684978871,0.017671917018824434,0.000768344218209758,0.0009429679041665211,151085.7142857143,8750.0,2272.7272727272725,145371.42857142858,2017.2886032562126,241328.3141254462,2.233076263924593,16.22361268209083,222304.558684481,2.473372781065089,12925.746652935119,0.003089598352214212,0.23892893923789907,0.243048403707518,0.037075180226570546,238.0888888888889,735.5111111111111,1643.5555555555557,82.0,30.0,39.0,28.0,371.0,0.0,19.0,2.0,37.0,35.0,103.0,8.0,53.0,14.0,338.0,4.0,24.0,407.0,64.0,28.0,159.0,180.0,293.0,113.0,403.0,43.0,94.0,563.0,27.0,41.0,20.0,111.0,65.0,6.0,123.0,71.0,120.0,2.0,16.0,305.0,46.0,220.0,116.0,16.0,11.0,51.0,43.0,47.0,25.0,144.0,41.0,116.0,20.0,84.0,92.0,53.0
Sikkim,11553.049872873069,1358.3070604341874,0.11642100110536305,0.9474425152510558,0.04082590333176912,0.020647583294228063,0.03566400750821211,0.01360863444392304,0.8395119662130455,0.5739089629282027,0.1665884561238855,11.233802816901408,0.0014077897700610043,4.666666666666667,0.02299389957766307,1.3673469387755102,0.01642421398404505,2.4,0.0008176614881439084,1.0,5.665639049454079,5.0,3.067681601258011,0.8671984983575786,0.028625058657907085,0.19239793524167056,0.973721257625528,0.0070389488503050214,0.08540591271703425,0.1313937118723604,0.0,0.0004692632566870014,0.46034725480994837,0.1365556076959174,0.00328484279680901,0.21294298921417565,0.6353111432706223,0.6567103109656302,0.8485981308411215,0.06505728314238952,0.9119496855345912,0.6819722650231125,0.01941448382126348,0.008936825885978428,0.0061633281972265025,88086.76470588235,31426.666666666668,1200.0,60992.64705882353,2017.3256704980843,278024.513671875,1.9731800766283525,7.29787356321839,245668.3492063492,3.6,73784.61538461539,0.0,0.4358974358974359,0.01282051282051282,0.0641025641025641,,,,0.0,0.0,0.0,0.0,0.0,0.0,0.0,0.0,0.0,0.0,0.0,0.0,0.0,0.0,2.0,0.0,0.0,1.0,0.0,0.0,1.0,0.0,1.0,1.0,0.0,0.0,0.0,1.0,0.0,0.0,0.0,0.0,0.0,0.0,1.0,0.0,1.0,0.0,0.0,0.0,0.0,0.0,0.0,0.0,0.0,0.0,0.0,1.0,0.0,0.0,1.0,0.0,0.0,1.0,0.0,0.0
Tamil Nadu,12085.770131004367,392.5795924308588,0.027982065345319974,0.7149818991924255,0.054720133667502086,0.00960735171261487,0.007170704539125591,0.006544138123085491,0.2848092453355611,0.43386243386243384,0.19402673350041771,9.089702188733405,0.11598440545808966,4.5654261704681876,0.1351991088833194,1.599382080329557,0.08639654692286271,2.097502014504432,0.04525032092426187,1.3687943262411348,5.436656526266359,5.0,3.604158612722607,0.8970342522974102,0.04713171818434976,0.12809802283486493,0.9673489278752436,0.29894179894179895,0.7161654135338346,0.05611250348092453,0.0023670286828181564,0.0054998607630186575,0.592801448064606,0.2926065162907268,0.11695906432748537,0.21900876519772186,0.317226115824419,0.6422578589634664,0.8775527077304671,0.07630628717077315,0.9227557411273486,0.7548976047178576,0.049642525346366685,0.0018580603465686472,0.003635335460677788,22046.79775280899,12866.883116883117,1289.655172413793,18935.409523809525,2017.7223291009363,176901.38445595856,1.9403693254680687,15.990765580918184,177902.3585765694,1.8465909090909092,10216.521489971346,0.0,0.2664756446991404,0.08595988538681948,0.1518624641833811,511.3611111111111,1395.9166666666667,1836.6944444444443,227.0,88.0,58.0,174.0,649.0,2.0,78.0,10.0,56.0,24.0,312.0,79.0,102.0,25.0,437.0,6.0,91.0,545.0,249.0,32.0,132.0,300.0,569.0,255.0,923.0,51.0,153.0,1378.0,43.0,170.0,81.0,197.0,116.0,16.0,134.0,80.0,225.0,4.0,27.0,446.0,78.0,341.0,207.0,90.0,16.0,68.0,47.0,35.0,48.0,395.0,80.0,227.0,24.0,161.0,113.0,103.0
Telangana,12917.04415711149,1130.3872895828251,0.07889167725497358,0.7322428529325081,0.2147067491895078,0.04582964927792514,0.02844090775125258,0.029030356616563512,0.5306513409961686,0.47819039198349544,0.15178308281756558,10.569902912621359,0.018125552608311227,4.504065040650406,0.015620394930739759,1.5,0.05953433539640436,2.8935643564356437,0.18151001540832049,1.4414261460101867,5.15873411412908,5.0,3.78193065365146,0.865016209843796,0.004568228706159741,0.1009431181844975,0.9722959033303861,0.16887709991158267,0.7281167108753316,0.05776598880047156,0.008104921898025346,0.007220748600058945,0.5282935455349248,0.19157088122605365,0.4410551134689066,0.2636444974649568,0.49095022624434387,0.5379219060225017,0.8526082677165354,0.15923229649238915,0.9343308395677473,0.7018590317128939,0.04513371110448355,0.0018888557510686947,0.01898797097126951,833333.3333333334,2000.0,0.0,831333.3333333334,2017.5107033639144,212961.2795256136,2.1660723382577687,17.557941401273887,203443.13950800727,2.184931506849315,7474.2991304347825,0.029565217391304348,0.22086956521739132,0.15304347826086956,0.10434782608695652,186.64444444444445,638.8888888888889,839.0888888888888,252.0,55.0,70.0,165.0,405.0,1.0,65.0,18.0,51.0,26.0,162.0,49.0,77.0,23.0,303.0,5.0,44.0,495.0,188.0,34.0,97.0,243.0,396.0,167.0,907.0,50.0,139.0,1204.0,32.0,134.0,38.0,155.0,123.0,10.0,92.0,61.0,142.0,1.0,31.0,310.0,104.0,172.0,168.0,58.0,21.0,69.0,57.0,81.0,42.0,238.0,65.0,71.0,23.0,119.0,74.0,61.0
Tripura,12399.610808130887,455.29532308709304,0.03260377787381882,0.8273596176821983,0.011748307447232178,0.007168458781362007,0.005973715651135006,0.004579848665870172,0.07785742731979291,0.5766626841895659,0.30246913580246915,6.744568795260039,0.010354440461967344,2.6923076923076925,0.025686977299880526,1.1162790697674418,0.002190362405416169,1.8181818181818181,0.07458563535911603,1.3888888888888888,4.774281454059334,5.0,2.8362615636994892,0.6680605336519315,0.015332536837913182,0.04619673436877738,0.97610513739546,0.43389088012743926,0.343289526085225,0.03962564715252887,0.0005973715651135006,0.0017921146953405018,0.38291517323775387,0.027080844285145362,0.020509757068896853,0.24426375584762752,0.3734610123119015,0.32038384151060206,0.8690821256038648,0.01996594954341433,0.6821705426356589,0.7757852528402762,0.04544441969258187,0.005903319224771664,0.002784584539986634,15150.0,,,15150.0,2017.8827626233315,104581.38528138529,2.1108531630876377,15.533052814857806,71789.61797752809,2.4791666666666665,4066.9565217391305,0.010869565217391304,0.16304347826086957,0.25,0.09782608695652174,,,,2.0,0.0,0.0,0.0,9.0,0.0,0.0,0.0,0.0,1.0,0.0,1.0,2.0,0.0,15.0,0.0,1.0,20.0,1.0,0.0,1.0,1.0,3.0,2.0,11.0,0.0,4.0,16.0,0.0,0.0,2.0,1.0,3.0,0.0,6.0,2.0,1.0,0.0,0.0,8.0,0.0,4.0,7.0,0.0,0.0,1.0,3.0,2.0,0.0,4.0,0.0,2.0,0.0,3.0,2.0,0.0
Uttar Pradesh,9743.057240218532,374.4327713702334,0.026913289399438916,0.5853037468170244,0.059195079202354575,0.014120837329276761,0.009524124475015707,0.010549290651145871,0.15413869506266742,0.5853698865703231,0.13214722709084295,9.093093093093094,0.01627037931148517,4.483739837398374,0.08078970865438671,1.8039295947605403,0.039816131485829555,2.357142857142857,0.12558612507767922,1.755285650022492,4.57208531949163,4.0,3.4936702476006802,0.5520354509077681,0.009226495585171468,0.046430106815701574,0.9814808690763583,0.7203941929296603,0.5820959687820364,0.052779523132378714,0.001058236052779523,0.01355864942623764,0.3667118621647541,0.21941863156850425,0.32821852574489896,0.20213251645778413,0.6357012750455373,0.23079724992032055,0.8209706056421385,0.042730956608842144,0.9355354288758657,0.6037908130955362,0.012768589564218495,0.00076582082738104,0.0007952754745880031,392581.3176470588,448099.53571428574,526760.8695652174,382433.38823529414,2017.1367431232973,175732.01394047317,2.149811088656533,12.245937966786748,159738.4203912755,3.4097641250685684,12513.293917963225,0.005657708628005658,0.24413012729844413,0.24724186704384724,0.01867043847241867,371.9622641509434,807.1509433962265,1243.7735849056603,216.0,47.0,116.0,156.0,739.0,0.0,75.0,9.0,96.0,65.0,259.0,44.0,121.0,25.0,1100.0,6.0,66.0,943.0,175.0,75.0,272.0,357.0,710.0,250.0,1239.0,114.0,561.0,1796.0,44.0,133.0,54.0,265.0,193.0,14.0,207.0,152.0,396.0,5.0,31.0,847.0,184.0,464.0,324.0,48.0,51.0,192.0,94.0,76.0,74.0,478.0,174.0,357.0,41.0,160.0,205.0,124.0
Uttarakhand,11155.17613379539,675.0964291095374,0.04569955121594739,0.289217454020916,0.1287414352686621,0.0046880634691669676,0.01875225387666787,0.006130544536602957,0.30580598629642985,0.5470609448250991,0.16985214569058782,10.40552016985138,0.00288496213487198,5.0,0.01983411467724486,1.7272727272727273,0.04760187522538767,2.227272727272727,0.03625576796308504,1.6727272727272726,5.442278222373574,5.0,3.554781580448684,0.85971871619185,0.02019473494410386,0.12333213126577713,0.993869455463397,0.2445005409304003,0.5135232600072124,0.12008654886404616,0.00288496213487198,0.00288496213487198,0.5387666786873422,0.3544897223223945,0.24630364226469528,0.20281748498031904,0.710929519918284,0.5169167402177111,0.78827546955037,0.08178876140041189,0.9388489208633094,0.7402113113735239,0.03936192251916304,0.0004143360265175057,0.0010358400662937642,19000.0,0.0,0.0,19000.0,2016.9265091863517,320616.7674586033,2.272965879265092,8.821272965879265,249334.133044107,2.0970873786407767,9967.317073170732,0.024390243902439025,0.33658536585365856,0.09268292682926829,0.04878048780487805,229.32258064516128,998.9677419354839,1453.032258064516,16.0,2.0,6.0,22.0,102.0,0.0,6.0,0.0,5.0,6.0,21.0,9.0,8.0,1.0,68.0,1.0,5.0,80.0,13.0,4.0,13.0,18.0,95.0,31.0,138.0,6.0,30.0,112.0,6.0,11.0,3.0,29.0,14.0,3.0,16.0,11.0,41.0,0.0,2.0,60.0,11.0,39.0,26.0,4.0,0.0,10.0,6.0,6.0,1.0,32.0,16.0,13.0,3.0,14.0,57.0,16.0
West Bengal,10580.240019295263,530.0627325768365,0.03553186475801602,0.7004300838112042,0.06318923687692986,0.026356418173797972,0.015438906043228937,0.023875165416850464,0.1874724305249228,0.5114137626819585,0.3259814733127481,7.469891745602165,0.13547640052933393,4.264143264143264,0.09908469342743714,1.340567612687813,0.09119982355535951,2.0417170495767833,0.12140161725067386,1.3516873889875667,4.781501651121024,4.0,3.1081201183817924,0.6397772386413763,0.02867225408028231,0.05982576091751213,0.9675782973092192,0.7496691662990737,0.2865019850022056,0.02933392148213498,0.0005513895015438906,0.002536391707101897,0.2988531098367887,0.06280326422584914,0.07603661226290251,0.2326779168055261,0.4119791666666667,0.3205641864268193,0.8293585001913021,0.03728536385936222,0.9462719298245614,0.7260884054897446,0.047050625624867455,0.004786863392613688,0.00463538037386009,625936.6666666666,108666.66666666667,0.0,553492.2222222222,2017.5515937331172,127085.53548687685,2.108710330857529,13.851358541525995,131114.87979979668,2.814814814814815,11702.717219589258,0.02527646129541864,0.25487098472880465,0.25013164823591366,0.02422327540810953,325.2567567567568,577.5495495495495,1156.5585585585586,62.0,12.0,29.0,32.0,301.0,0.0,28.0,5.0,37.0,25.0,88.0,14.0,59.0,9.0,255.0,5.0,30.0,311.0,64.0,18.0,118.0,183.0,329.0,101.0,467.0,47.0,74.0,563.0,18.0,57.0,40.0,89.0,77.0,5.0,81.0,56.0,111.0,1.0,13.0,313.0,66.0,116.0,144.0,16.0,14.0,46.0,37.0,28.0,22.0,131.0,37.0,139.0,22.0,83.0,106.0,31.0
