 , Total, 15 a 19 años, 20 a 29 años, 30 a 39 años, 40 a 49 años, 50 a 59 años, 60 años y más, No especificado
,,,,,,,,
 Cuarto trimestre del 2024, 59487546|0.440702676030361|262163.207126792|, 3122540|1.79026373522266|55901.7012378216|, 12523264|0.94043878469175|117773.631765339|, 13889136|0.878806653173317|122058.65123629|, 12947155|0.896309692556786|116046.605175351|, 10636896|0.910740378453797|96874.5068861368|, 6339090|1.24879695580088|79162.3629454782|, 29465|14.4849148293776|4267.98015447611|
,,,,,,,,
 Tercer trimestre del 2024, 59528249|0.472733012217966|281409.684618311|, 3227306|1.80741115616797|58330.6886876781|, 12552295|0.950147114573134|119265.268755208|, 13837893|0.890502778291283|123226.821621975|, 12830772|0.90239164168582|115783.814091765|, 10636364|0.930150889568007|98934.2343636913|, 6406768|1.29476075852083|82952.3179534696|, 36851|14.7715604124427|5443.46772758926|
,,,,,,,,
 Segundo trimestre del 2024, 59327161|0.525979388798933|312048.638819559|, 3160936|1.91261961236658|60456.6818703557|, 12765509|0.993578658510278|126835.373074209|, 13698350|0.920355549954029|126073.524477128|, 12836391|0.975776621967198|125254.502482301|, 10544361|0.944580240726989|99599.9505169227|, 6287231|1.27027947544327|79865.4049667066|, 34383|14.1598337371276|4868.57563383659|
,,,,,,,,
 Primer trimestre del 2024, 59120905|0.465113249577839|274979.162425327|, 3097245|1.83131708152893|56720.3767418008|, 12814108|0.959308805599678|122926.866403053|, 13521964|0.858846376906973|116132.897900665|, 12715532|0.928746776517841|118095.093567095|, 10627634|0.930522274602721|98892.5016332521|, 6317721|1.22363278120969|77305.7051813684|, 26701|13.8470305678921|3697.29563193287|
,,,,,,,,
 Cuarto trimestre del 2023, 59403947|0.457790390642339|271945.561028268|, 3125616|1.72590012107878|53945.0103284579|, 12851170|0.937184979316705|120439.234906455|, 13696849|0.86814101219917|118907.963547992|, 12828342|0.905825897863099|116202.444102449|, 10448286|0.962239287684641|100537.512781654|, 6412821|1.1993038452634|76909.2088428587|, 40863|21.5321523537166|8798.6834162992|
,,,,,,,,
 Tercer trimestre del 2023, 59167472|0.44569959016734|263709.180216376|, 3260249|1.68380774351157|54896.3251197586|, 12720781|0.912643848169706|116095.425235641|, 13624418|0.859245334604123|117067.176031964|, 12699831|0.881706857979114|111975.280878757|, 10382519|0.921667636866962|95692.3175145633|, 6438578|1.1831664321456|76179.0936035115|, 41096|15.3409598537597|6304.52086150109|
,,,,,,,,
 Segundo trimestre del 2023, 58521990|0.448227878391932|262311.874169738|, 3200576|1.73318242856368|55471.8208448263|, 12758095|0.926147244870442|118158.745340454|, 13425354|0.864987362192096|116127.615429551|, 12699638|0.859298832493171|109127.841064859|, 10239572|0.930706592438147|95300.3716414506|, 6164837|1.23451246022121|76105.6809173271|, 33918|17.0431982283254|5780.71197508341|
,,,,,,,,
 Primer trimestre del 2023, 58492126|0.444616669533134|260065.742560324|, 3147147|1.76807076338801|55643.7859878428|, 12782349|0.899817813703416|115017.85331174|, 13454441|0.855956289221172|115164.133919052|, 12882298|0.837146197620829|107843.667873184|, 10170051|0.913387276842292|92891.9518823723|, 6020654|1.14609086084202|69002.1652569197|, 35186|14.4229284641948|5074.85160941159|
,,,,,,,,
 Cuarto trimestre del 2022, 58349353|0.450576482008616|262908.462022189|, 3247593|1.69284034446457|54976.5645280072|, 12835781|0.933856851914698|119867.820365265|, 13294901|0.861845123612257|114581.455957577|, 12936348|0.918263098484865|118789.709975585|, 10038156|0.967601655739315|97129.3636616954|, 5957943|1.21229897637957|72228.0820022784|, 38631|15.4994931540135|5987.60920032696|
,,,,,,,,
 Tercer trimestre del 2022, 57440441|0.450129662135987|258556.463002721|, 3245816|1.71172336900629|55559.3909869452|, 12703584|0.905689006315722|115054.963696083|, 13077963|0.846941364157191|110762.678236173|, 12739695|0.90239735583658|114962.670821645|, 9858275|0.938086269388532|92479.1241735623|, 5773466|1.25030203297845|72185.7627713198|, 41642|15.6411831214586|6513.3014754378|
,,,,,,,,
 Segundo trimestre del 2022, 57420677|0.469635186067841|269667.703270364|, 3123535|1.77787725889219|55532.6184385381|, 12704916|0.890442304868881|113129.946862055|, 13116269|0.863724951980317|113288.488121859|, 12931584|0.899803594966351|116358.857718093|, 9741158|0.958880910955909|93406.1045680544|, 5763808|1.23181445184833|70999.4199207904|, 39407|14.0815522389926|5549.1172908198|
,,,,,,,,
 Primer trimestre del 2022, 56079123|0.489481196619628|274496.762314193|, 3060155|1.86723670663912|57140.3374400522|, 12460544|0.950562129882397|118445.212441333|, 12937464|0.893782292466258|115632.762326197|, 12634645|0.910987318231577|115100.01365358|, 9466767|1.02386750930407|96927.1514945201|, 5476170|1.28358967708959|70291.5528198768|, 43378|14.2101365358993|6164.07302654239|
,,,,,,,,
 Cuarto trimestre del 2021, 56611211|0.461236516178675|261111.577382959|, 3244182|1.79166271351532|58124.7992525755|, 12599459|0.91101877541148|114783.437090272|, 12900817|0.875854069897817|112992.330744569|, 12775232|0.851363202337986|108763.624261307|, 9459332|0.991960444336888|93832.8317385015|, 5589086|1.29445590557499|72348.2537946652|, 43103|13.1841303843056|5682.75571954725|
,,,,,,,,
 Tercer trimestre del 2021, 55836230|0.479332539342812|267641.219132293|, 3435087|1.74915394237977|60084.9596846751|, 12294760|0.928977244161224|114215.522624236|, 12804742|0.888910211997605|113822.659257946|, 12447354|0.896810479541192|111629.17509759|, 9326165|1.00193922081861|93442.504933258|, 5494107|1.30374556487423|71629.1763419448|, 34015|15.7167487357075|5346.0520824509|
,,,,,,,,
 Segundo trimestre del 2021, 55242748|0.507364850896798|280282.286021494|, 3214373|1.95604712246382|62874.6505717541|, 11876470|1.06131446697682|126046.694276162|, 12937464|1.08601319641436|140502.566321357|, 12491162|1.04939732760733|131081.920215102|, 9173489|1.29030770966014|118366.235811825|, 5511324|1.55738308461187|85832.4277141545|, 38466|13.0732671098381|5028.76292647033|
,,,,,,,,
 Primer trimestre del 2021, 52973270|0.551899886205628|292359.4168494|, 2897047|2.23618782735317|64783.4123667002|, 11375649|1.18955595071554|135319.709612013|, 12865142|1.23721730546309|159169.7631964|, 12046274|1.16812882345018|140715.998745785|, 8849498|1.41435234682708|125163.082645415|, 4905910|1.71481149305272|84127.1085188226|, 33750|15.3022131915297|5164.49695214126|
,,,,,,,,
 Cuarto trimestre del 2020, 53124071|0.570465807250438|303054.660474446|, 2989338|2.23552362656049|66827.3572677509|, 11700843|1.24794263690878|146019.808674757|, 12499190|1.19344933195185|149171.499554392|, 11915762|1.16176689100569|138433.377727038|, 8893459|1.45130773821524|129071.458661999|, 5086319|1.8264572455511|92899.4419073421|, 39160|13.4395644086498|5262.93342242726|
,,,,,,,,
 Tercer trimestre del 2020, 50810713|0.676875545932532|343925.291010962|, 2820652|2.75553113153096|77723.9439721506|, 11158135|1.49254122193034|166539.764473636|, 12391583|1.57454417387529|195110.94817742|, 11327681|1.4454722193979|163738.481957014|, 8368866|1.64697229458837|137832.904391226|, 4714873|2.25928079525592|106522.220209707|, 28923|18.9047463449509|5467.81978535014|
,,,,,,,,
 Primer trimestre del 2020, 55058450|0.457541299528807|251915.147630419|, 3110790|1.73661885690645|54022.5657387601|, 12364278|0.925513369379961|114433.045917305|, 12713190|0.889480658302227|113081.366103213|, 12301678|0.862865621427472|106146.950320707|, 8901293|0.98239318155814|87445.695502512|, 5630098|1.25682406036249|70760.4262859872|, 37123|15.1149093122302|5611.10778397922|
,,,,,,,,
 Cuarto trimestre del 2019, 55345261|0.457361119471787|253127.705284182|, 3257461|1.6669198283394|54299.2633094228|, 12451547|0.920178331868448|114576.437476416|, 12652260|0.856074420704666|108312.761501048|, 12454182|0.897104415352991|111727.016618097|, 8848225|0.982890410840618|86968.3550546022|, 5638313|1.24159440941064|70004.9789930732|, 43273|16.0418476359174|6941.78872749054|
,,,,,,,,
 Tercer trimestre del 2019, 54848407|0.454051074150386|249039.781137876|, 3392539|1.62895628348922|55262.9772103222|, 12321542|0.928178694027245|114365.927619618|, 12475136|0.873475531428738|108967.260472458|, 12336563|0.851999424345873|105107.445744066|, 8776935|0.961301167074076|84372.7785883331|, 5504922|1.23414369138046|67938.6475784149|, 40770|15.7604968779692|6425.55457714803|
,,,,,,,,
 Segundo trimestre del 2019, 54549769|0.448127190000236|244452.34697132|, 3292037|1.70171157672313|56020.9747390088|, 12374253|0.911483835932275|112789.315912365|, 12543725|0.88512756081734|111027.967128135|, 12219792|0.824087175181925|100701.738705907|, 8695691|0.976014245030098|84871.1828638001|, 5372589|1.29570872615756|69613.1044935812|, 51682|16.1690028905717|8356.46407390526|
,,,,,,,,
 Primer trimestre del 2019, 53714758|0.438505278144085|235542.048972322|, 3160002|1.73476939542069|54818.7475906816|, 11980925|0.907771398295825|108759.410401274|, 12443730|0.865386924480021|107686.412337598|, 12245496|0.824109788411531|100916.331175543|, 8673137|0.912441199249143|79137.2752553211|, 5150150|1.27202469203379|65511.1796767783|, 61318|16.4378051281921|10079.3333485048|
,,,,,,,,
 Cuarto trimestre del 2018, 53705872|0.445982027554189|239518.536861258|, 3253970|1.73709642043955|56524.5963921769|, 12089907|0.903712589216788|109258.011583602|, 12516241|0.878486641687915|109953.505226466|, 12069513|0.824018512006404|99455.0214290195|, 8568966|0.958614781323018|82143.3746825437|, 5140470|1.30584629900014|67126.6372462126|, 66805|17.6057003501458|11761.4881189149|
,,,,,,,,
 Tercer trimestre del 2018, 53483093|0.453001555282278|242279.243103067|, 3255600|1.73740757415495|56563.0409841884|, 12170665|0.917666470353524|111686.111924052|, 12266484|0.901036210624697|110525.462610485|, 12078440|0.8419654857961|101696.296022591|, 8593308|0.969721395306924|83331.1462406215|, 5065490|1.28817402073671|65252.3262030162|, 53106|15.2450192941668|8096.01994636022|
,,,,,,,,
 Segundo trimestre del 2018, 53205163|0.446727176829392|237681.922597376|, 3147974|1.66568354982717|52435.2850708365|, 12174905|0.902412529639319|109867.868191684|, 12250326|0.870450660132231|106633.04353535|, 12142331|0.868308615806479|105432.906232741|, 8465251|1.01511849245255|85932.3283335244|, 4974344|1.31288869929891|65307.6002402535|, 50032|18.1159228943893|9063.75854252086|
,,,,,,,,
 Primer trimestre del 2018, 52253036|0.441639654858486|230770.127843481|, 3060005|1.63650623569828|50077.1726376791|, 11843661|0.903192154829643|106971.016996618|, 12108417|0.888733307340735|107611.534870708|, 11918003|0.878568028485845|104707.763991984|, 8413065|1.01442103053895|85343.9006729115|, 4868211|1.31429531474233|63982.6690847709|, 41674|15.2094794010525|6338.39844559463|
,,,,,,,,
 Cuarto trimestre del 2017, 52222742|0.442264813773004|230962.812653457|, 3255352|1.68306241247478|54789.6059057461|, 12004907|0.90869996772213|109088.586034072|, 12111327|0.871574023337945|105559.180013515|, 11795926|0.852684721858006|100582.058803676|, 8154121|1.00153762755359|81666.590011249|, 4853777|1.38463979878165|67207.3280861101|, 47332|16.1420922305848|7640.37509458039|
,,,,,,,,
 Tercer trimestre del 2017, 51796924|0.432620508487366|224084.115989615|, 3152435|1.65524012130298|52180.3689179976|, 11910098|0.896238999503296|106742.943155062|, 12073840|0.865718486933712|104525.464962797|, 11722319|0.834834445074436|97861.9567735052|, 8029773|0.98908144720312|79420.9949955254|, 4871094|1.33033516313684|64801.8763114489|, 37365|16.1865537408976|6048.10580528638|
,,,,,,,,
 Segundo trimestre del 2017, 51529417|0.410550626374514|211554.344260635|, 3068504|1.74515737948916|53550.2239959201|, 11853269|0.884649105641855|104859.838197823|, 12222791|0.820093726202053|100238.342157789|, 11566567|0.806389804464902|93271.6170146019|, 7997456|0.946130620311117|75666.3800619087|, 4787947|1.30704454701563|62580.6001774985|, 32883|16.8657479217559|5545.96388911099|
,,,,,,,,
 Primer trimestre del 2017, 51172034|0.432264093386669|221198.328837618|, 2990001|1.72273359097441|51509.7515974707|, 11761321|0.89944967569399|105787.163591829|, 12279933|0.842428103989742|103449.606743111|, 11526287|0.795916051215833|91739.5683422039|, 7877854|0.971673512951913|76547.0207070228|, 4711190|1.32486498625978|62416.9067461721|, 25448|16.7453275498821|4261.35095489399|
,,,,,,,,
 Cuarto trimestre del 2016, 51414185|0.427984514705291|220044.750161931|, 3080877|1.76271000541114|54306.9271334106|, 11862006|0.907256549593587|107618.826348184|, 12327313|0.83084947516734|102421.415362735|, 11521014|0.785720830117636|90523.0068387691|, 7882131|1.01197878027057|79765.4931531282|, 4716363|1.27825425343485|60287.1106549273|, 24481|19.1486497770225|4687.78095191287|
,,,,,,,,
 Tercer trimestre del 2016, 51320394|0.432558202438057|221990.573770529|, 3230079|1.68840890782025|54536.9415656313|, 11842444|0.896710887253744|106192.484664928|, 12294019|0.826400065198656|101597.781031535|, 11440200|0.794819502232785|90928.9406944351|, 7775811|1.00641272666695|78256.7515055683|, 4716083|1.34051338394019|63219.7238127283|, 21758|21.6704816137516|4715.06338952008|
,,,,,,,,
 Segundo trimestre del 2016, 50690910|0.423331883136972|214590.783882267|, 3012433|1.68552400987128|50775.2814962858|, 11703121|0.871663857046836|102011.875903458|, 12296026|0.840983435479673|103407.541882274|, 11401466|0.781944407096904|89153.1257140552|, 7620879|0.984404994010495|75020.313463497|, 4630192|1.33398929659075|61766.2656916012|, 26793|17.5436131173084|4700.46026252043|
,,,,,,,,
 Primer trimestre del 2016, 50029049|0.433343230380213|216797.4970651|, 2994425|1.71925719366144|51481.8672212967|, 11470429|0.884071463004586|101406.789473202|, 12221188|0.827102909088331|101081.801473154|, 11305922|0.789004549060887|89204.2388932756|, 7512727|1.02403784323311|76933.1675387917|, 4502656|1.32798605683241|59794.6438671281|, 21702|16.1253644103851|3499.52658434178|
,,,,,,,,
 Cuarto trimestre del 2015, 50793533|0.423500674660724|215110.954939017|, 3289435|1.66342071030389|54717.1430419849|, 11742174|0.870973626932186|102271.238768488|, 12384356|0.807469971260029|99999.9558339397|, 11287945|0.792257034934971|89429.5383620903|, 7445840|0.991121989123842|73797.3575149787|, 4619099|1.34107075086659|61945.3856425711|, 24684|14.8754423489394|3671.85418941221|
,,,,,,,,
 Tercer trimestre del 2015, 49963931|0.414370892392443|207035.986759045|, 3161609|1.6077495492859|50830.7544476823|, 11585739|0.875375954181089|101418.773320181|, 12070493|0.789857358179101|95339.6771289933|, 11045414|0.805487341637555|88969.4116014623|, 7459249|0.99340202747807|74100.3308006377|, 4616654|1.35952013828903|62764.3408451259|, 24773|16.7628228792607|4152.65411187925|
,,,,,,,,
 Segundo trimestre del 2015, 49548568|0.42123905643628|208717.920320888|, 3035613|1.70203956781441|51667.334385718|, 11422814|0.887075413513993|101328.974525434|, 12171292|0.809218066509597|98492.2937916373|, 11026332|0.808580592421182|89156.7806079263|, 7389909|0.989319396903755|73109.8031505363|, 4472926|1.33648140167855|59779.8241008445|, 29682|18.6912544599837|5547.93814881235|
,,,,,,,,
 Primer trimestre del 2015, 49007988|0.433540315830752|212469.385957497|, 2947969|1.77033900128332|52189.0449527418|, 11360922|0.860405741677365|97750.0251954869|, 11953412|0.815006277398511|97421.0581633069|, 11010489|0.82516379901946|90854.5693230197|, 7333599|1.02068892590301|74853.2328631342|, 4377096|1.40807182339299|61632.6554588617|, 24501|21.5949371874238|5290.9755602907|
,,,,,,,,
 Cuarto trimestre del 2014, 49026174|0.429523534140686|210578.955218762|, 3065240|1.65301693376424|50668.936260515|, 11416393|0.880877914542854|100564.484574416|, 11851779|0.809352053057684|95922.6166603594|, 11065428|0.812935075545431|89954.7454712253|, 7320079|1.02226034472253|74830.2648193616|, 4278431|1.3689675635966|58570.3326208615|, 28824|20.8015848601404|5995.84882008687|
,,,,,,,,
 Tercer trimestre del 2014, 48664784|0.447781953997039|217912.120703638|, 3176359|1.61816874187292|51398.8484676672|, 11365611|0.902938136857929|102624.43620592|, 11645085|0.814298081357039|94825.7037273964|, 10931203|0.840079485113267|91830.793879086|, 7272797|1.03372315455996|75180.586573142|, 4251462|1.50176675930114|63847.0431003194|, 22267|28.443638504433|6333.54498578209|
,,,,,,,,
 Segundo trimestre del 2014, 48505094|0.434592994049279|210799.740281017|, 3031139|1.65708143976077|50228.4417823504|, 11381836|0.892988773536612|101638.517702349|, 11879018|0.817621836657556|97125.4451484817|, 10826103|0.824145475950498|89222.8380962412|, 7164732|1.04016519595036|74525.0486471178|, 4198690|1.41996177500929|59619.7930511376|, 23576|26.461174108364|6238.4864077879|
,,,,,,,,
 Primer trimestre del 2014, 48272319|0.44254640048176|213627.410163573|, 3056861|1.70973693752606|52264.2816458285|, 11365587|0.911967086889343|103650.412671774|, 11832492|0.809671750259662|95804.3450757345|, 10815196|0.845810698110883|91476.0847896603|, 7123340|1.03913179618393|74020.8908902884|, 4058541|1.48732638825652|60363.7512712099|, 20302|20.3986640582835|4141.33677711272|
,,,,,,,,
 Cuarto trimestre del 2013, 49118670|0.473120847339916|232390.667706097|, 3295202|1.59184619899684|52454.5477862678|, 11683077|0.910867384205349|106417.337864597|, 11933822|0.850476824794247|101494.390422197|, 10915317|0.837700627862377|91437.6790421687|, 7080826|1.07387054268293|76038.9045926341|, 4190313|1.3927800519154|58361.8435768177|, 20113|19.6949627400726|3961.24785591081|
,,,,,,,,
 Tercer trimestre del 2013, 48499708|0.521550286894094|252950.366216798|, 3336532|1.61776564212626|53977.2683345482|, 11521818|0.926390899001332|106737.073351497|, 11669784|0.878892380893309|102564.842442706|, 10688498|0.896955569797062|95871.0781386476|, 7096251|1.10104418892428|78132.8592669812|, 4170097|1.42233074813131|59312.5718579012|, 16728|17.8445159004361|2985.03061982495|
,,,,,,,,
 Segundo trimestre del 2013, 48481214|0.531363246587068|257611.352695224|, 3326440|1.68845497016398|56165.4415095228|, 11516259|0.94884081133887|109270.965331486|, 11870961|0.899012840628286|106721.463695976|, 10550450|0.898093413837354|94752.8965802031|, 7115477|1.09416404475497|77854.9909468094|, 4080683|1.42724593575924|58241.3822687181|, 20944|17.5303519323202|3671.55690870514|
,,,,,,,,
 Primer trimestre del 2013, 47548734|0.553252799797666|263064.702123345|, 3133523|1.67550639039071|52502.3781093628|, 11343708|0.970718061952413|110115.422451141|, 11600987|0.929634718792529|107846.802874608|, 10427311|0.929773684139384|96950.3936413712|, 7023935|1.14807364290547|80639.9464298124|, 4001311|1.49108185629768|59662.8223350431|, 17959|25.9641505269353|4662.90179313232|
,,,,,,,,
 Cuarto trimestre del 2012, 47994737|0.522206197275712|250631.490980179|, 3403981|1.68284816807532|57283.8319001319|, 11533264|0.936652878454657|108026.649235775|, 11595957|0.947493337589139|109870.920004701|, 10360496|0.902128648731257|93465.002566656|, 6986756|1.17469126905593|82072.8127222417|, 4100377|1.46974122926376|60264.9313242485|, 13906|21.4135382001507|2977.76662211295|
,,,,,,,,
 Tercer trimestre del 2012, 48447625|0.496684527579397|240631.857354688|, 3643574|1.66900177267931|60811.3146488824|, 11609854|0.951351250763781|110450.491240849|, 11642596|0.939486766115648|109380.64865231|, 10405627|0.891077580988462|92722.2093582822|, 6981163|1.14482963070923|79922.4225921094|, 4143969|1.48373539893902|61485.5349740592|, 20842|19.7239819988346|4110.87232819711|
,,,,,,,,
 Segundo trimestre del 2012, 48174670|0.497634764540605|239733.905622714|, 3560753|1.69881443133037|60490.5858280291|, 11529964|0.93840716996753|108198.008870675|, 11721353|0.925560333921122|108488.193966873|, 10322218|0.901010699355237|93004.2885907722|, 6938719|1.16370610758044|80746.2967908445|, 4083575|1.46680812149055|59898.2097471577|, 18088|19.1919278368649|3471.43590713212|
,,,,,,,,
 Primer trimestre del 2012, 46928200|0.503360613026219|236218.07520217|, 3330259|1.78966419084825|59600.4527855009|, 11235335|0.97794086126773|109874.931865315|, 11462183|0.904886851825783|103719.78689921|, 10190783|0.893121414506577|91016.0652788958|, 6719662|1.11944658918966|75223.0270640736|, 3971297|1.489041326786|59134.2535394127|, 18681|19.9451525632808|3725.95395034649|
,,,,,,,,
 Cuarto trimestre del 2011, 47495234|0.500463375774721|237696.251408503|, 3739919|1.66635277405571|62320.2440039364|, 11484065|0.9676691934026|111127.75915533|, 11488784|0.91890190855171|105570.655445383|, 10208157|0.906613033115132|92548.4818028546|, 6636402|1.14367868470374|75899.1151052528|, 3917147|1.49899969272727|58718.0214936755|, 20760|19.7834592935011|4107.04614933083|
,,,,,,,,
 Tercer trimestre del 2011, 46571990|0.496773271833134|231357.1984808|, 3470930|1.65875570169653|57574.2492768954|, 11295623|0.971436667856556|109729.823684839|, 11309901|0.93274216005029|105492.214886949|, 10005264|0.94629500182759|94679.3131516552|, 6573427|1.14872887370129|75510.8539406766|, 3897366|1.50164407328674|58524.5655532926|, 19479|19.3334204555633|3765.95697053918|
,,,,,,,,
 Segundo trimestre del 2011, 46115690|0.497824848543146|229575.363897127|, 3402906|1.71963187420321|58517.4562251734|, 11219799|0.954851934418754|107132.467789396|, 11308420|0.923495962800188|104432.802156489|, 9921982|0.916559712328558|90940.8896764913|, 6405513|1.14335813314072|73237.9538548863|, 3834422|1.52643768105124|58530.0622585185|, 22648|19.7097653844396|4463.86766426789|
,,,,,,,,
 Primer trimestre del 2011, 45254856|0.504801855506182|228447.352794651|, 3272340|1.67486109605673|54807.1495907027|, 11015154|0.98296464749326|108275.06968694|, 11197547|0.933560105682905|104535.831607093|, 9812509|0.913868290548989|89673.4082582657|, 6240490|1.11177938581657|69380.4813939445|, 3698620|1.54038324738345|56972.9228643739|, 18196|19.3952035824154|3529.1512438563|
,,,,,,,,
 Cuarto trimestre del 2010, 45166962|0.501401831521319|226467.974710538|, 3444021|1.58530262922985|54598.1554642281|, 11012741|0.965723581677355|106352.636826051|, 11179742|0.907369199266772|101441.535465491|, 9728067|0.922856914842396|89776.1389900012|, 6107765|1.10318038398563|67379.6653799399|, 3674803|1.53720787018008|56489.3609296136|, 19823|19.5300672696917|3871.44523487099|
,,,,,,,,
 Tercer trimestre del 2010, 45701118|0.509418369394415|232809.890110618|, 3665348|1.67544704052612|61410.9645909832|, 11089877|0.956894284656422|106118.399188427|, 11186713|0.908794195817915|101664.198446808|, 9759664|0.904662201487479|88291.9912001809|, 6174563|1.11360864340416|68760.4672604351|, 3807272|1.47507269731182|56160.0297843975|, 17681|25.5498159903379|4517.46296525164|
,,,,,,,,
 Segundo trimestre del 2010, 45841915|0.482474575417989|221175.584759725|, 3637852|1.60663807633329|58447.115392652|, 11025606|0.949725682017992|104713.011780117|, 11347919|0.876342266350864|99446.6105482603|, 9767465|0.885520202796834|86492.8758761098|, 6182182|1.09899941142873|67942.1437934528|, 3864947|1.413834778521|54643.964857404|, 15944|26.3323754319036|4198.43393886271|
,,,,,,,,
 Primer trimestre del 2010, 44720360|0.488707396552333|218551.707084831|, 3492335|1.61945198471587|56556.6884704271|, 10803179|0.971645316862914|104968.582825818|, 11094025|0.874785920756393|97048.9687451944|, 9644988|0.88750867040865|85600.1047598739|, 6010836|1.12875665904427|67847.71161423|, 3658064|1.43165739910802|52370.9439201066|, 16933|24.0295481517874|4068.92338854216|
,,,,,,,,
 Cuarto trimestre del 2009, 45558595|0.49871750397233|227208.687828863|, 3826068|1.5858003901133|60673.8012700002|, 10908779|0.975819684832414|106450.012856865|, 11133409|0.885085998299102|98540.2441923721|, 9692737|0.930904698443119|90230.1441407346|, 6210316|1.14290942492244|70978.2868814666|, 3768948|1.46857012020348|55349.6441740067|, 18338|23.6967010416182|4345.50103701194|
,,,,,,,,
 Tercer trimestre del 2009, 44962042|0.494209055577065|222206.483136363|, 3577333|1.66389054117184|59522.9054132187|, 10752641|0.987950124286835|106230.730123617|, 11114204|0.921519471515601|102419.553963966|, 9605204|0.924209202827313|88772.1793183372|, 6177956|1.12661261617413|69601.6317176869|, 3720346|1.44424738768437|53730.9999178201|, 14358|24.2488699736004|3481.65275080954|
,,,,,,,,
 Segundo trimestre del 2009, 44242950|0.477520382434552|211269.104040328|, 3431353|1.66323332143233|57071.4064719678|, 10536106|0.9492817998376|100017.336669597|, 11128721|0.905725303166715|100795.642015828|, 9578035|0.893765520894763|85605.1744092327|, 5967314|1.13436862504773|67691.3377740804|, 3584357|1.49552610646876|53604.9946840406|, 17064|25.807207074743|4403.74181523415|
,,,,,,,,
 Primer trimestre del 2009, 43837585|0.466355246950464|204438.87778387|, 3387185|1.69520347802111|57419.6779270095|, 10438342|0.933504937826739|97442.4379972424|, 11059952|0.923348075308954|102121.853922094|, 9586059|0.882255668187198|84573.5488832691|, 5865688|1.11765091271226|65557.9154688533|, 3486549|1.49551087472343|52141.7194475611|, 13810|27.3959346291946|3783.37857229178|
,,,,,,,,
 Cuarto trimestre del 2008, 43998840|0.470156934652199|206863.597426526|, 3603708|1.52670309157235|55017.9214472402|, 10544833|0.925390456168804|97580.8782009386|, 11171697|0.92974648635845|103868.460324112|, 9447953|0.869446107144372|82144.8595633299|, 5767873|1.09162635656356|62963.6218811135|, 3453164|1.48755160353352|51367.5964546423|, 9612|24.5229778994957|2357.14863569953|
,,,,,,,,
 Tercer trimestre del 2008, 44224459|0.480309084888671|212414.094319865|, 3756607|1.49098221788581|56010.3423658534|, 10628870|0.949942233631367|100968.125087774|, 11077245|0.893988513873189|99029.2979535921|, 9436737|0.865852012206927|81708.1772011756|, 5732765|1.10736366564862|63482.5566470211|, 3585008|1.47642620120926|52929.9974274482|, 7227|25.5215945998291|1844.44564172965|
,,,,,,,,
 Segundo trimestre del 2008, 44462150|0.475599634072126|211461.8227006|, 3734118|1.5287768359051|57086.3310093629|, 10676977|0.911952802514726|97368.9909753528|, 11245426|0.860603765985259|96778.5596570855|, 9478852|0.887551475028094|84129.69074173|, 5708583|1.07653139316473|61454.6880998648|, 3606992|1.39912484144951|50466.3211010965|, 11202|27.4916011068422|3079.60915598847|
,,,,,,,,
 Primer trimestre del 2008, 43852979|0.486055314987974|213149.73521006|, 3722012|1.53374679125737|57086.2396202141|, 10481624|0.958216655210143|100436.666904504|, 11050107|0.872735430965828|96438.1989486351|, 9338943|0.869688698148679|81219.7317975472|, 5728833|1.09396169899677|62671.2388194874|, 3520242|1.40310218373607|49392.5923747944|, 11218|25.4912964064312|2859.61363087345|
,,,,,,,,
 Cuarto trimestre del 2007, 44445583|0.501948706609873|223094.029013717|, 4152817|1.57330009187915|65336.2736765731|, 10549689|0.945263719671395|99722.382655164|, 11086117|0.880245164144691|97585.0087839225|, 9321857|0.897574045934514|83670.5690311297|, 5687536|1.10612054726487|62911.0043290865|, 3636806|1.51758524844199|55191.6313704533|, 10761|27.2418343514579|2931.49379456038|
,,,,,,,,
 Tercer trimestre del 2007, 43310496|0.481191709032467|208406.515892838|, 3803363|1.51428284568398|57593.6734680916|, 10326931|0.970777108189406|100251.482126515|, 10876848|0.877404142812605|95433.91495943|, 9143409|0.911582387787017|83349.706087333|, 5615624|1.13384051813108|63672.2202578933|, 3534478|1.46912396872726|51925.8634673919|, 9843|26.635913753005|2621.77299070828|
,,,,,,,,
 Segundo trimestre del 2007, 43245283|0.452740084736116|195788.730898573|, 3648649|1.56798090192449|57210.1194982588|, 10468918|0.932973295470773|97672.2092647329|, 10959195|0.847790260904368|92910.9878835185|, 9168342|0.891000863673769|81690.0064045649|, 5537084|1.10561663901359|61218.9220201595|, 3447654|1.49375135009111|51499.37817147|, 15441|23.1401297528854|3573.06743514304|
,,,,,,,,
 Primer trimestre del 2007, 42717453|0.45707809195284|195252.119103251|, 3628315|1.53080175881265|55542.3098352633|, 10418468|0.929053655199126|96793.1577697513|, 10751026|0.866493547823934|93156.9466148735|, 8997550|0.878040868422181|79002.1661567199|, 5518668|1.12746358169799|62220.9718948211|, 3381655|1.54266302549425|52167.5413347775|, 21771|21.9594153396537|4780.78431359601|
,,,,,,,,
 Cuarto trimestre del 2006, 43109908|0.480852911599197|207295.247805735|, 3738053|1.43907391964327|53793.3458254428|, 10552155|0.952424955402191|100501.35755272|, 10826280|0.875312369027487|94763.767945549|, 9079699|0.955616670798307|86767.1173023072|, 5432506|1.13556838287953|61689.8205340334|, 3461283|1.52480902681522|52777.9556276208|, 19932|20.6858572633405|4123.10506972903|
,,,,,,,,
 Tercer trimestre del 2006, 42776447|0.473792900210295|202671.76884822|, 3753466|1.50521956725689|56497.9046823346|, 10498262|0.953080227149697|100056.85931637|, 10770553|0.879588831563349|94736.5812856112|, 8988333|0.900892927997715|80975.2563418848|, 5321889|1.1501838172459|61211.5060497896|, 3425429|1.53149995492845|52460.4435911061|, 18515|21.781672768215|4032.87671303501|
,,,,,,,,
 Segundo trimestre del 2006, 42351538|0.442311016848627|187325.518378832|, 3676353|1.47347861553316|54170.2752865117|, 10358030|0.910837193910494|94344.7897964071|, 10759861|0.879212700215794|94602.0644375661|, 8849259|0.883183870798594|78155.2281731929|, 5273485|1.14192272826205|60219.1237864898|, 3415891|1.44512117990023|49363.7643233056|, 18659|20.9278963008891|3904.93617078289|
,,,,,,,,
 Primer trimestre del 2006, 41870275|0.49067492217459|205446.939270537|, 3557123|1.54355876877706|54906.2839826857|, 10212134|0.923011151284222|94259.1356040875|, 10833273|0.995758530818124|107873.240064316|, 8657599|0.9089795500498|78695.804435316|, 5194543|1.14012057616866|59224.053580929|, 3394318|1.5136822161239|51379.1879246926|, 21285|19.9789068409044|4252.5103210865|
,,,,,,,,
 Cuarto trimestre del 2005, 42863703|0.431427362380905|184925.743271685|, 3768863|1.45849317384015|54968.6095863869|, 10599516|0.906321523592491|96065.6949046298|, 10864900|0.890500588769825|96751.9984692528|, 8845986|0.852213794807101|75386.7129787048|, 5272819|1.16845685426888|61610.6150186917|, 3494764|1.56815534705044|54803.3285327937|, 16855|19.8658407807451|3348.38746359459|
,,,,,,,,
 Tercer trimestre del 2005, 42334898|0.45015081100124|190570.886683548|, 3822004|1.49453301716375|57121.111697319|, 10397559|0.932387106647731|96945.4995220907|, 10709417|0.902181653252762|96618.3953443323|, 8745991|0.897282948039227|78476.2858800454|, 5171940|1.15621179008252|59798.580055994|, 3467752|1.58233652230471|54871.5063989519|, 20235|17.0978487009809|3459.74968464348|
,,,,,,,,
 Segundo trimestre del 2005, 41676868|0.479884042029949|200000.638749886|, 3620189|1.56646753044267|56709.0852256573|, 10366230|0.935678544059176|96994.5899378255|, 10618884|0.928528128627904|98599.3248863679|, 8571528|0.91338928150939|78291.4180135762|, 5151146|1.15796213619013|59648.3202598724|, 3333231|1.60261180848047|53418.7536099318|, 15660|19.4409890916784|3044.45889175684|
,,,,,,,,
 Primer trimestre del 2005, 41441076|0.467096236409467|193569.706323587|, 3702656|1.4948942184912|55350.7904746177|, 10413338|0.93147037828713|96997.1588609175|, 10449539|0.89887281097772|93928.0649435131|, 8504957|0.895998582321044|76204.2941470144|, 5070254|1.14359837359188|57983.3422809775|, 3290486|1.62849143867269|53585.2828007235|, 9846|24.963594612471|2457.9155255439|
